,0
"('new', 'destination')",1
"('segment', 'mainly')",1
"('need', 'advertise')",1
"('receive', 'issue')",1
"('inn', 'vlan')",5
"('server', 'public')",2
"('requestno', 'ftp')",1
"('project', 'device')",1
"('work', 'ist')",1
"('corporate', 'wifi')",1
"('schwab', 'sjp')",5
"('ie', 'issue')",5
"('asap', 'vrf')",1
"('router', 'asap')",1
"('behalf', 'usergsaha')",1
"('laptop', 'reimage')",1
"('enable', 'confirm')",1
"('hard', 'disk')",8
"('error', 'window')",1
"('scope', 'detail')",3
"('ip', 'dmz')",1
"('outage', 'hp')",1
"('os', 'installation')",11
"('utilization', 'amsterdam')",1
"('yesterday', 'night')",1
"('sound', 'website')",1
"('destinationpdc', 'raise')",1
"('ist', 'user')",1
"('device', 'health')",1
"('sink', 'account')",1
"('need', 'important')",1
"('teresa', 'cullen')",1
"('add', 'pst')",14
"('behalf', 'usertet')",1
"('reboot', 'sjp')",1
"('keypad', 'not')",1
"('uk', 'kindly')",1
"('sloooww', 'couple')",2
"('appraisal', 'error')",1
"('stable', 'checking')",1
"('work', 'exam')",1
"('malware', 'infection')",1
"('user', 'ist')",1
"('primary', 'link')",2
"('zna', 'csssl')",2
"('account', 'outlook')",1
"('reachable', 'ectmsrcl')",1
"('lose', 'case')",2
"('appear', 'internet')",1
"('lync', 'login')",2
"('application', 'slowness')",1
"('server', 'segment')",1
"('access', 'capricorn')",1
"('login', 'page')",2
"('run', 'configuration')",1
"('review', 'wipro')",1
"('backup', 'password')",1
"('mcafee', 'date')",1
"('thekkumpeedika', 'jose')",1
"('exist', 'pdc')",1
"('laptop', 'formate')",1
"('cmf', 'sit')",2
"('find', 'attachment')",1
"('mention', 'device')",11
"('noc', 'request')",1
"('sjp', 'bandwidth')",1
"('switch', 'change')",3
"('error', 'message')",1
"('kindly', 'let')",1
"('desk', 'request')",1
"('nonroutable', 'ip')",1
"('add', 'client')",1
"('port', 'opening')",2
"('requirement', 'finalize')",1
"('lm', 'server')",1
"('sa', 'location')",1
"('enable', 'schwab')",1
"('detail', 'say')",1
"('issue', 'log')",1
"('ip', 'hop')",1
"('device', 'reboot')",1
"('latency', 'destinationpdc')",1
"('stack', 'switch')",3
"('class', 'refer')",1
"('japatr', 'password')",1
"('work', 'slow')",2
"('want', 'fetch')",1
"('advertise', 'bgp')",1
"('mail', 'account')",1
"('enter', 'effort')",1
"('alu', 'odc')",1
"('ferquent', 'account')",1
"('bangalore', 'location')",1
"('energy', 'client')",1
"('troubleshoot', 'frequent')",10
"('firewall', 'share')",3
"('device', 'get')",2
"('shift', 'primary')",3
"('free', 'drive')",2
"('report', 'avago')",2
"('mpls', 'utilization')",1
"('installation', 'configuration')",2
"('switch', 'access')",1
"('connect', 'wipro')",1
"('public', 'networkso')",2
"('internet', 'block')",1
"('server', 'connect')",1
"('latop', 'detail')",1
"('external', 'block')",1
"('admin', 'access')",36
"('lync', 'show')",1
"('ie', 'upgrade')",1
"('blackberry', 'office')",1
"('reserve', 'mention')",1
"('not', 'sync')",1
"('device', '-PRON-')",1
"('transparent', 'mode')",1
"('raise', 'requirement')",4
"('kindly', 'assist')",1
"('mg', 'road')",1
"('kdc', 'ec')",1
"('have', 'issue')",3
"('provide', 'utilization')",2
"('wt', 'critical')",16
"('account', 'unlocked')",1
"('weekly', 'basic')",5
"('not', 'respond')",2
"('url', 'exist')",1
"('flash', 'drive')",1
"('relocation', 'extension')",3
"('laptop', 'format')",1
"('behalf', 'usersa')",1
"('itms', 'link')",1
"('yuvarani', 'transfer')",1
"('would', 'not')",1
"('samuel', 'johnsona')",1
"('group', 'owner')",1
"('meeting', 'issue')",3
"('couple', 'week')",2
"('inetrnet', 'issue')",1
"('outlook', 'needfull')",1
"('location', 'unrachable')",1
"('request', 'preetham')",1
"('sonu', 'pathak')",1
"('onsite', 'cash')",1
"('os', 'reimage')",1
"('apple', 'cs')",1
"('issue', 'not')",3
"('shaper', 'detail')",1
"('class', 'pdc')",4
"('user', 'config')",1
"('password', 'big')",1
"('password', 'not')",2
"('battery', 'prompt')",1
"('resolve', 'frequent')",1
"('mcafee', 'safe')",1
"('assign', 'raise')",1
"('password', 'expiration')",1
"('ir', 'switch')",1
"('change', 'st')",1
"('detail', 'prepare')",1
"('ap', 'schwab')",1
"('frequent', 'connection')",1
"('amsterdam', 'hoofdorp')",1
"('issue', 'client')",1
"('drive', 'desktop')",1
"('report', 'creditsuisse')",1
"('profile', 'corrupt')",1
"('citi', 'monthly')",1
"('ftp', 'access')",1
"('properly', 'user')",1
"('access', 'destination')",1
"('lan', 'connectivity')",2
"('user', 'indian')",1
"('laptop', 'lan')",2
"('issue', 'bat')",1
"('cdc', 'location')",1
"('motherboard', 'need')",1
"('url', 'domain')",1
"('access', 'couple')",1
"('daimler', 'project')",1
"('change', 'route')",1
"('vrf', 'vrf')",1
"('pool', 'toshiba')",1
"('sap', 'coe')",1
"('user', 'enter')",1
"('issue', 'singapore')",1
"('need', 'mcaffe')",1
"('jammu', 'kashmir')",1
"('boot', 'slow')",1
"('ms', 'office')",38
"('office', 'software')",1
"('co', 'ordinate')",1
"('ecsaclwiprocom', 'chassi')",1
"('ior', 'report')",1
"('po', 'not')",1
"('shanghai', 'location')",1
"('ip', 'ts')",1
"('device', 'ac')",1
"('citi', 'client')",1
"('switch', 'ip')",64
"('bwcmr', 'raise')",1
"('coach', 'project')",1
"('detail', 'enable')",1
"('system', 'like')",1
"('find', 'cubicle')",1
"('not', 'receive')",1
"('high', 'cpu')",5
"('laptop', 'problem')",3
"('tranfer', 'manikonda')",1
"('latency', 'packet')",1
"('tms', 'link')",1
"('mention', 'port')",1
"('vdi', 'not')",1
"('log', 'wipro')",2
"('need', 'raise')",4
"('switch', 'sjpsfaw')",1
"('ip', 'reserve')",1
"('access', 'require')",2
"('kindly', 'open')",1
"('mmohan', 'pw')",1
"('request', 'new')",2
"('google', 'not')",1
"('low', 'disk')",7
"('location', 'currently')",1
"('port', 'share')",1
"('create', 'tony')",1
"('frequent', 'accountlockout')",2
"('get', 'connect')",1
"('site', 'slow')",1
"('vtp', 'mode')",1
"('gnoc', 'change')",1
"('route', 'towrd')",1
"('configuration', 'byt')",1
"('tcp', 'nat')",2
"('cs', 'application')",1
"('ja', 'password')",1
"('segment', 'check')",1
"('dhcp', 'access')",1
"('have', 'proxy')",1
"('laptop', 'buyback')",2
"('vm', 'server')",1
"('creation', 'pree')",1
"('coat', 'agent')",1
"('freqaccount', 'lock')",1
"('nagnaray', 'unlock')",1
"('issue', 'mywipro')",1
"('mqlean', 'not')",1
"('sarkar', 'sjp')",1
"('need', 'allocate')",1
"('mahatad', 'password')",1
"('mobile', 'ticket')",1
"('kavisha', 'pw')",1
"('da', 'issue')",21
"('correct', 'allocation')",1
"('lync', 'status')",1
"('laptop', 'host')",10
"('need', 'open')",2
"('face', 'slowness')",5
"('unable', 'work')",1
"('mention', 'domain')",1
"('board', 'replacement')",1
"('continous', 'pop')",1
"('enable', 'panasonic')",1
"('issue', 'network')",1
"('odc', 'network')",1
"('mahesh', 'babu')",1
"('mumbai', 'andheri')",1
"('office', 'activation')",3
"('contact', 'direct')",1
"('outlook', 'startup')",1
"('server', 'not')",5
"('ip', 'port')",64
"('create', 'ps')",1
"('deehar', 'pw')",1
"('client', 'vdis')",1
"('would', 'pass')",1
"('affected', 'cdc')",1
"('logout', 'immediately')",1
"('add', 'laptop')",14
"('check', 'user')",2
"('week', 'needful')",1
"('loc', 'pritech')",1
"('internet', 'not')",15
"('live', 'meeting')",4
"('docking', 'station')",1
"('need', 'join')",1
"('packetshaper', 'shaping')",1
"('connect', 'server')",1
"('gnoc', 'nso')",1
"('ka', 'password')",1
"('week', 'wh')",1
"('password', 'reset')",4
"('laptop', 'crashing')",1
"('microsoft', 'project')",1
"('router', 'current')",1
"('odc', 'ciena')",1
"('bytes', 'datum')",1
"('log', 'flow')",1
"('software', 'bit')",1
"('feburary', 'month')",1
"('work', 'laptop')",5
"('idrac', 'ip')",1
"('customer', 'application')",1
"('ec', 'segment')",1
"('peer', 'router')",1
"('location', 'device')",1
"('display', 'self')",1
"('effort', 'tms')",1
"('delay', 'cecause')",1
"('server', 'creation')",1
"('contact', 'nnumber')",1
"('internet', 'slowness')",2
"('explorer', 'not')",3
"('production', 'server')",1
"('capricorn', 'energy')",1
"('host', 'file')",1
"('state', 'bw')",1
"('would', '-PRON-')",1
"('issue', 'unable')",2
"('issue', 'access')",6
"('report', 'ciena')",1
"('switch', 'ec')",1
"('ecube', 'issue')",2
"('employee', '-PRON-')",1
"('explorer', 'change')",1
"('dsachid', 'vpn')",1
"('lenovo', 'helix')",1
"('change', 'debopam')",1
"('lync', 'federation')",5
"('migration', 'plan')",1
"('enable', 'wipro')",1
"('datacard', 'issue')",2
"('client', 'mail')",1
"('add', 'user')",6
"('reachable', 'cdcsbcl')",1
"('outook', 'configuration')",1
"('user', 'ucpticket')",1
"('kindly', 'high')",1
"('visio', 'installation')",1
"('pst', 'outlook')",1
"('respond', 'poll')",7
"('tjx', 'slow')",1
"('party', 'software')",1
"('server', 'bangalore')",1
"('capacity', 'dashboard')",1
"('upto', 'date')",1
"('access', 'need')",22
"('capture', 'traffic')",1
"('board', 'problem')",1
"('user', 'troubleshoot')",23
"('available', 'mention')",1
"('sql', 'software')",1
"('vpn', 'can')",1
"('create', 'wt')",1
"('log', 'assethdcsfl')",1
"('latency', 'dana')",1
"('mysore', 'ap')",1
"('mcafee', 'update')",1
"('new', 'password')",1
"('address', 'pc')",1
"('penney', 'router')",1
"('hinge', 'problem')",1
"('needful', 'priority')",2
"('face', 'issue')",6
"('backup', 'mail')",1
"('sftp', 'requestno')",1
"('log', 'behalf')",4
"('takeda', 'account')",1
"('frequent', 'drop')",1
"('device', 'passport')",1
"('fw', 'pci')",1
"('right', 'ticket')",1
"('forget', 'password')",45
"('issue', 'laptop')",2
"('drive', 'problem')",1
"('ie', 'setting')",1
"('odc', 'user')",2
"('cafeteria', 'switch')",1
"('entire', 'netwrok')",1
"('tacacs', 'log')",1
"('change', 'vlan')",3
"('receive', 'specific')",1
"('install', 'macafee')",1
"('start', 'laptop')",1
"('kdc', 'location')",4
"('tower', 'nike')",1
"('trouble', 'shoot')",1
"('wipro', 'not')",8
"('es', 'suggestion')",1
"('reachable', 'ipaddress')",1
"('approval', 'manager')",3
"('instal', 'ap')",1
"('report', 'weekly')",5
"('email', 'office')",1
"('cmr', 'travel')",1
"('add', 'destination')",1
"('go', 'offline')",1
"('desktop', 'pl')",1
"('report', 'month')",3
"('not', 'reimbursement')",1
"('testing', 'ec')",1
"('bind', 'ec')",1
"('not', 'correct')",1
"('disk', 'problem')",3
"('check', 'issue')",2
"('work', 'aruba')",1
"('reflect', 'employee')",1
"('authentication', 'fail')",1
"('kindly', 'create')",3
"('behalf', 'usersshree')",1
"('emc', 'fireall')",1
"('new', 'lpr')",1
"('laptop', 'direct')",1
"('frequently', 'ask')",1
"('storage', 'device')",1
"('laptop', 'config')",2
"('key', 'win')",1
"('upgradation', 'charle')",1
"('network', 'backline')",3
"('report', 'current')",2
"('primary', 'secondary')",5
"('could', 'not')",1
"('laptop', 'cahrger')",1
"('network', 'port')",1
"('emc', 'traffic')",1
"('network', 'connect')",1
"('mention', 'url')",1
"('email', 'laptop')",1
"('bind', 'mac')",8
"('scope', 'hdc')",1
"('work', 'mail')",1
"('pdc', 'packet')",2
"('laptop', 'take')",1
"('ios', 'upgrade')",1
"('not', 'route')",1
"('tedwebk', 'ip')",1
"('need', 'configuration')",3
"('commit', 'bw')",1
"('issue', 'da')",3
"('address', 'schwab')",8
"('datum', 'card')",5
"('pool', 'hp')",1
"('mailbox', 'issue')",3
"('new', 'vlan')",1
"('detail', 'error')",1
"('monitor', 'power')",1
"('enable', 'email')",1
"('ip', 'send')",1
"('not', 'login')",1
"('rajat', 'onle')",1
"('nationwide', 'odc')",1
"('ior', 'secondary')",1
"('provide', 'console')",1
"('join', 'kdc')",1
"('add', 'device')",3
"('system', 'issue')",1
"('stander', 'task')",1
"('communication', 'link')",1
"('not', 'reach')",1
"('gateway', 'issue')",5
"('katti', 'wipro')",1
"('lan', 'wifi')",1
"('rule', 'detail')",1
"('kartik', 'nanjundiah')",1
"('rebuild', 'stop')",1
"('issue', 'proxy')",1
"('address', 'give')",1
"('dhcp', 'issue')",1
"('huge', 'latency')",2
"('can', 'not')",7
"('detail', 'server')",1
"('check', 'ur')",1
"('mouse', 'not')",4
"('reinstallation', 'os')",1
"('report', 'feb')",1
"('access', 'radware')",1
"('mail', 'bounce')",1
"('laptop', 'shutdown')",1
"('final', 'settlement')",4
"('policy', 'update')",1
"('regard', 'venu')",1
"('user', 'jammu')",1
"('jeddah', 'location')",1
"('work', 'show')",2
"('replace', 'ment')",1
"('bw', 'hca')",1
"('ticket', 'violate')",1
"('start', 'adam')",1
"('ss', 'vpn')",1
"('fw', 'final')",4
"('server', 'issue')",1
"('ticket', 'health')",1
"('trace', 'issue')",1
"('wipro', 'bb')",1
"('not', 'business')",1
"('connection', 'not')",1
"('crm', 'application')",1
"('fetch', 'backup')",1
"('product', 'activation')",1
"('access', 'server')",1
"('install', 'adobe')",1
"('violate', 'transfer')",1
"('refe', 'number')",1
"('nortel', 'core')",1
"('check', 'priority')",2
"('rd', 'november')",1
"('work', 'window')",1
"('odc', 'kdc')",1
"('communicator', 'not')",1
"('requirement', 'raise')",1
"('present', 'list')",1
"('current', 'state')",1
"('gnoc', 'january')",1
"('log', 'lenovo')",1
"('not', 'concern')",1
"('confirm', 'mac')",1
"('need', 'nw')",1
"('sw', 'sh')",1
"('connect', 'network')",1
"('ts', 'location')",1
"('employee', 'suite')",1
"('device', 'rd')",1
"('device', 'location')",1
"('hasim', 'password')",1
"('coop', 'norge')",1
"('harman', 'location')",1
"('computer', 'closing')",1
"('wing', 'ii')",2
"('need', 'senatis')",1
"('client', 'vpn')",1
"('internet', 'lan')",1
"('place', 'week')",1
"('user', 'lock')",1
"('sjpsth', 'floorb')",1
"('tower', 'report')",1
"('detail', 'asap')",1
"('labplease', 'assign')",1
"('internet', 'explorer')",15
"('update', 'issue')",1
"('citi', 'loc')",1
"('discuss', 'regard')",1
"('status', 'not')",1
"('label', 'creation')",3
"('day', 'can')",1
"('michelin', 'vpn')",1
"('download', 'lync')",1
"('kindly', 'route')",1
"('hca', 'mb')",1
"('access', 'mac')",1
"('want', 'add')",1
"('alert', 'description')",1
"('work', 'ticket')",1
"('remotely', 'work')",1
"('issue', 'sonu')",1
"('bestbuy', 'not')",1
"('troubleshoot', 'symentec')",4
"('current', 'project')",1
"('error', 'internet')",1
"('location', 'end')",1
"('boot', 'help')",1
"('mailbox', 'configuration')",1
"('wipro', 'laptop')",1
"('will', 'tp')",1
"('indian', 'time')",1
"('find', 'require')",1
"('ness', 'issue')",1
"('route', 'ckts')",1
"('login', 'mywipro')",1
"('fw', 'tms')",1
"('run', 'int')",1
"('window', 'azure')",1
"('location', 'sjpsth')",1
"('user', 'sync')",1
"('work', 'lync')",1
"('jt', 'new')",1
"('work', 'week')",1
"('work', 'usa')",1
"('needful', 'early')",2
"('description', 'bgp')",1
"('currently', 'panasonic')",1
"('help', 'otp')",2
"('ip', 'need')",1
"('server', 'detail')",4
"('hdd', 'replacement')",1
"('saudi', 'arabia')",1
"('board', 'issue')",4
"('mcafee', 'installation')",4
"('link', 'rfo')",1
"('assign', 'right')",2
"('eb', 'ip')",1
"('onsite', 'policy')",1
"('ticket', 'network')",1
"('access', 'share')",1
"('fme', 'check')",1
"('ie', 'degradation')",1
"('ie', 'ask')",1
"('fix', 'end')",1
"('issue', '-PRON-')",1
"('similar', 'case')",1
"('monthly', 'utilization')",2
"('not', 'delivery')",1
"('would', 'foxsbbectacl')",1
"('address', 'ne')",1
"('keyboard', 'problem')",1
"('project', 'bb')",2
"('visio', 'software')",1
"('update', 'manila')",1
"('ip', 'mention')",1
"('know', 'mention')",1
"('lease', 'open')",1
"('passcodeuser', 'recovery')",1
"('switch', 'port')",6
"('new', 'profile')",1
"('detail', 'report')",1
"('have', 'trouble')",1
"('email', 'forward')",3
"('space', 'issue')",4
"('hardphone', 'issue')",1
"('remain', 'battery')",1
"('device', 'installation')",1
"('behalf', 'userma')",1
"('message', 'repeatedly')",1
"('customer', 'sap')",1
"('issue', 'itms')",1
"('device', 'not')",17
"('mb', 'bwcmr')",1
"('internet', 'link')",2
"('ne', 'allow')",4
"('dlp', 'bypass')",1
"('connect', 'discuss')",1
"('behlaf', 'userf')",1
"('ec', 'wifi')",2
"('ecaccess', 'point')",1
"('karthik', 'resolve')",1
"('tp', 'need')",1
"('case', 'cmr')",1
"('helpline', 'mywipro')",1
"('report', 'find')",1
"('software', 'removal')",1
"('slow', 'ness')",1
"('portal', 'day')",1
"('bit', 'need')",2
"('dell', 'charger')",1
"('detail', 'share')",1
"('phone', 'number')",1
"('issue', 'backbone')",1
"('intranet', 'server')",1
"('login', 'logout')",1
"('issue', 'slot')",1
"('order', 'access')",1
"('ap', 'ec')",2
"('domain', 'rejoin')",1
"('port', 'fa')",1
"('office', 'not')",1
"('laptop', 'damage')",1
"('kindly', 'configure')",2
"('alarm', 'server')",1
"('want', 'reset')",4
"('sjp', 'core')",2
"('da', 'vpn')",1
"('priority', 'regard')",1
"('till', 'pm')",1
"('behalf', 'userhhaide')",1
"('blue', 'screen')",2
"('raise', 'ticket')",1
"('lync', 'user')",1
"('datum', 'request')",1
"('odc', 'bandwidth')",2
"('not', 'relate')",1
"('keyboard', 'issue')",3
"('page', 'not')",1
"('mention', 'source')",5
"('add', 'url')",1
"('get', 'message')",1
"('radio', 'meter')",1
"('geo', 'location')",1
"('create', 'bw')",1
"('macafee', 'issue')",2
"('kdc', 'tjx')",1
"('adam', 'goodall')",1
"('route', 'reverse')",1
"('lan', 'disabled')",1
"('dot', 'forwarding')",1
"('need', 'create')",1
"('format', 'laptop')",1
"('issue', 'mcafee')",1
"('dw', 'check')",1
"('account', 'not')",1
"('ectgfacl', 'device')",1
"('hp', 'laptop')",1
"('standard', 'software')",1
"('upload', 'purchase')",1
"('mouse', 'issue')",1
"('sjp', 'network')",2
"('reset', 'user')",1
"('show', 'not')",1
"('odc', 'dw')",1
"('find', 'multiple')",1
"('nd', 'floor')",3
"('need', 'nonroutable')",1
"('asking', 'adminstator')",1
"('number', 'office')",1
"('issue', 'gage')",1
"('outage', 'canada')",1
"('utilization', 'report')",28
"('tony', 'zha')",1
"('mdc', 'monitor')",1
"('reimag', 'need')",1
"('client', 'domain')",2
"('report', 'target')",1
"('office', 'server')",1
"('detail', 'shortly')",2
"('user', 'trang')",1
"('java', 'error')",1
"('detect', 'laptop')",1
"('ebc', 'pls')",1
"('login', 'failure')",1
"('computer', 'group')",1
"('battery', 'not')",1
"('user', 'setup')",1
"('project', 'request')",1
"('connect', 'support')",1
"('ist', 'pm')",1
"('bit', 'bit')",1
"('ask', 'credencial')",1
"('want', 'replacement')",1
"('issue', 'ec')",1
"('frpm', 'td')",1
"('packet', 'shaper')",6
"('otp', 'register')",1
"('reachable', 'ectbcl')",1
"('connect', 'corporate')",1
"('file', 'outlook')",2
"('acclockout', 'issue')",1
"('device', 'st')",1
"('motherboard', 'issue')",4
"('schneider', 'ssl')",1
"('kochi', 'location')",2
"('savigent', 'server')",2
"('open', 'port')",2
"('box', 'coverted')",1
"('issue', 'loop')",2
"('group', 'policy')",2
"('debin', 'tower')",2
"('system', 'login')",1
"('management', 'port')",1
"('provide', 'week')",1
"('disable', 'da')",1
"('wlc', 'ac')",1
"('cable', 'trace')",1
"('project', 'share')",1
"('bind', 'port')",1
"('preapar', 'share')",1
"('ucp', 'reminder')",1
"('project', 'activation')",2
"('address', 'login')",1
"('devicetype', 'ciscovxr')",1
"('harddisk', 'damage')",1
"('odc', 'ec')",2
"('help', 'user')",195
"('provide', 'report')",1
"('checking', 'end')",2
"('request', 'enable')",1
"('find', 'attached')",1
"('printer', 'issue')",1
"('img', 'fme')",1
"('explorer', 'version')",2
"('follow', 'mac')",1
"('laptop', 'hdd')",2
"('mismatch', 'ectmsrcl')",1
"('need', 'share')",1
"('vpn', 'firewall')",1
"('john', 'have')",1
"('gndc', 'proxy')",1
"('complete', 'mandatory')",1
"('need', 'monitor')",1
"('ec', 'pasa')",1
"('multiple', 'login')",1
"('arrange', 'noc')",1
"('prepared', 'share')",15
"('chennai', 'secondary')",1
"('console', 'emc')",1
"('mail', 'issue')",1
"('migration', 'mv')",1
"('print', 'attention')",1
"('bby', 'atlanda')",1
"('kindly', 'log')",1
"('time', 'anti')",1
"('japan', 'secondary')",1
"('suggest', 'user')",1
"('not', 'reachable')",21
"('time', 'request')",1
"('gsk', 'odc')",1
"('distribution', 'list')",2
"('fully', 'hrs')",1
"('login', 'gateway')",1
"('month', 'utilization')",2
"('otp', 'registration')",87
"('allocation', 'zainabza')",1
"('charger', 'lose')",1
"('creation', 'sonama')",1
"('flow', 'device')",1
"('ectacl', 'fan')",1
"('kindly', 'co')",1
"('laptop', 'port')",1
"('install', 'citrix')",1
"('wcclg', 'project')",1
"('ip', 'pool')",3
"('share', 'bw')",2
"('meeting', 'lync')",1
"('bgp', 'alert')",1
"('th', 'october')",3
"('ectgcswc', 'ipaddress')",1
"('install', 'old')",1
"('port', 'detail')",1
"('mention', 'not')",2
"('ip', 'dhcp')",2
"('yvw', 'citirx')",1
"('internet', 'site')",2
"('user', 'provide')",1
"('customer', 'requirement')",1
"('sit', 'tower')",1
"('group', 'request')",1
"('hdd', 'door')",1
"('lync', 'access')",3
"('assign', 'engineer')",2
"('open', 'website')",1
"('password', 'migration')",1
"('mywipro', 'site')",1
"('backup', 'sjpssdsl')",2
"('buyback', 'os')",2
"('need', 'bind')",8
"('mgh', 'odc')",1
"('vlan', 'thank')",1
"('month', 'march')",2
"('function', 'module')",1
"('switch', 'fan')",1
"('image', 'request')",1
"('detail', 'eccheckpoint')",2
"('blacklist', 'ip')",1
"('teamuser', 'login')",1
"('itl', 'tranig')",1
"('cdc', 'packetshaper')",1
"('callifdsbridge', 'open')",1
"('scanner', 'ip')",1
"('label', 'need')",1
"('adaptor', 'problem')",1
"('bitlocker', 'host')",1
"('segment', 'router')",1
"('location', 'mapping')",1
"('configure', 'multicast')",1
"('care', 'alert')",1
"('session', 'need')",1
"('ksa', 'riyadh')",1
"('card', 'need')",1
"('happen', 'location')",1
"('cdc', 'tower')",3
"('hdc', 'secondary')",1
"('access', 'enable')",3
"('priority', 'customer')",1
"('hostname', 'cdcsccmmp')",2
"('ucpticket', '-PRON-')",1
"('kochi', 'webcast')",1
"('chochiec', 'noc')",1
"('able', 'function')",1
"('ininwpblrr', 'not')",1
"('vpn', 'connect')",1
"('issue', 'latency')",1
"('open', 'destination')",1
"('fat', 'password')",1
"('audit', 'ntc')",1
"('access', 'lync')",1
"('user', 'user')",1
"('display', 'issue')",6
"('mail', '-PRON-')",2
"('allow', 'access')",5
"('destination', 'proxy')",1
"('end', 'proceed')",1
"('ms', 'lync')",2
"('behalf', 'usersubhem')",1
"('list', 'addition')",1
"('pdc', 'ps')",1
"('password', 'isssue')",1
"('hiwe', 'not')",1
"('unlock', 'account')",9
"('sharing', 'not')",1
"('loss', 'connect')",1
"('fan', 'issue')",1
"('add', 'reverse')",1
"('regard', 'face')",1
"('need', 'activate')",23
"('couple', 'system')",1
"('release', 'asset')",1
"('get', 'january')",1
"('access', 'bestbuy')",1
"('attention', 'address')",1
"('fix', 'frequent')",1
"('da', 'instal')",1
"('laptop', 'add')",1
"('ec', 'latency')",1
"('bit', 'lokcer')",1
"('site', 'facebook')",1
"('activity', 'ukparexhv')",1
"('need', 'state')",1
"('bandwidth', 'gradation')",1
"('charger', 'adaptor')",1
"('moideen', 'raise')",1
"('cdc', 'awe')",1
"('detail', 'gndc')",1
"('office', 'upgrade')",1
"('youtube', 'ip')",1
"('proxy', 'setting')",2
"('install', 'file')",1
"('detect', 'communication')",1
"('reachable', 'papanna')",1
"('product', 'key')",4
"('pc', 'access')",1
"('itms', 'login')",1
"('enter', 'button')",1
"('hdd', 'recovery')",4
"('employee', 'state')",1
"('enable', 'yammer')",1
"('fw', 'qplc')",2
"('netsuite', 'mb')",1
"('nso', 'pl')",1
"('user', 'profile')",1
"('slow', '-PRON-')",1
"('able', 'log')",3
"('modify', 'dl')",1
"('account', 'lookout')",1
"('behalf', 'userprt')",1
"('add', 'new')",1
"('fw', 'not')",2
"('jpnokndc', 'jpnoknhv')",1
"('class', 'ec')",4
"('st', 'floor')",1
"('ip', 'follwo')",2
"('nazmuuj', 'password')",1
"('ecsccmfep', 'khobarsccmdp')",1
"('webmail', 'mailbox')",1
"('port', 'datum')",1
"('wipro', 'block')",1
"('laptop', 'shipment')",1
"('mbd', 'replace')",1
"('odc', 'ip')",1
"('multiple', 'user')",1
"('connection', 'loss')",1
"('mb', 'confirm')",1
"('eplus', 'ss')",1
"('user', 'eii')",1
"('kindly', 'arrange')",1
"('address', 'port')",1
"('access', 'new')",2
"('user', 'ucp')",1
"('password', 'phone')",1
"('request', 'laptop')",1
"('system', 'desktop')",1
"('raise', 'issue')",1
"('ea', 'password')",1
"('add', 'host')",1
"('cullen', 'teresa')",1
"('dsachid', 'window')",1
"('fedex', 'label')",8
"('pasword', 'asking')",1
"('monitor', 'stand')",1
"('manila', 'request')",1
"('pls', 'needful')",1
"('cmr', 'change')",1
"('card', 'lan')",1
"('chennai', 'ckt')",1
"('module', 'upload')",1
"('ps', 'class')",1
"('os', 'upgrade')",1
"('installation', 'package')",2
"('dm', 'approvaly')",2
"('group', 'asset')",9
"('discussion', 'tp')",1
"('end', 'expense')",1
"('approver', 'change')",1
"('project', 'requirement')",1
"('right', 'laptop')",2
"('need', 'replacement')",2
"('label', 'user')",1
"('account', 'get')",2
"('explorer', 'issue')",1
"('check', 'vpn')",1
"('address', 'assign')",1
"('label', 'share')",1
"('csssl', 'vpn')",2
"('not', 'upto')",1
"('issue', 'direct')",1
"('mcafee', 'issue')",6
"('ww', 'chennai')",1
"('need', 'nationwide')",1
"('behalf', 'userri')",1
"('test', 't')",1
"('mobile', 'number')",1
"('network', 'device')",1
"('link', 'utilization')",1
"('user', 'install')",3
"('hdc', 'internet')",1
"('vice', 'versa')",1
"('sit', 'request')",1
"('project', 'sjp')",1
"('not', 'wokr')",2
"('connection', 'odc')",1
"('office', 'issue')",2
"('hostname', 'change')",1
"('transfer', 'ticket')",3
"('open', 'mail')",1
"('cmr', 'raise')",1
"('dubaidic', 'wipromaniafg')",1
"('license', 'get')",48
"('vlan', 'cubicle')",1
"('concern', 'change')",1
"('intermittent', 'alert')",1
"('tower', 'nd')",3
"('software', 'installation')",1
"('key', 'wipro')",1
"('intranet', 'laptop')",1
"('bit', 'installation')",2
"('macafee', 'installation')",5
"('issue', 'get')",1
"('broadcast', 'cdc')",1
"('lync', 'meeting')",2
"('kindly', 'omit')",1
"('need', 'alu')",1
"('fw', 'onsite')",1
"('backbone', 'internet')",1
"('project', 'nmg')",1
"('trang', 'labplease')",1
"('issue', 'detect')",2
"('need', 'install')",1
"('contact', 'num')",1
"('laptop', 'can')",1
"('need', 'modify')",1
"('state', 'idle')",1
"('ip', 'vm')",1
"('room', 'audit')",1
"('avs', 'switch')",1
"('need', 'assign')",1
"('free', 'vlan')",2
"('laptop', 'screen')",1
"('profile', 'da')",1
"('screen', 'shoot')",1
"('failure', 'destination')",1
"('boot', 'key')",1
"('odc', 'router')",1
"('deny', 'external')",1
"('be', 'sw')",1
"('alert', 'sjpsfaw')",1
"('multiple', 'issue')",1
"('configuration', 'new')",2
"('utilization', 'high')",1
"('allow', 'wipro')",1
"('bijuteam', 'project')",1
"('ec', 'schwab')",2
"('share', 'asap')",1
"('message', 'user')",1
"('vlan', 'voice')",1
"('remove', 'tacac')",1
"('excessive', 'firewall')",1
"('downgrade', 'ie')",1
"('configuration', 'current')",1
"('implementation', 'new')",1
"('expense', 'currency')",1
"('need', 'bandwidth')",1
"('kindly', 'share')",21
"('account', 'face')",1
"('shipment', 'label')",2
"('-PRON-', 'would')",83
"('mi', 'password')",1
"('msoffice', 'activation')",1
"('utilization', 'device')",1
"('iam', 'unable')",1
"('link', 'traffic')",1
"('nw', 'ebc')",1
"('jivin', 'thekkumpeedika')",1
"('get', 'not')",1
"('display', 'problem')",1
"('resolve', 'asap')",2
"('need', 'active')",4
"('service', 'ticket')",1
"('key', 'need')",1
"('need', 'ms')",2
"('bandwidth', 'utilization')",5
"('target', 'ss')",1
"('pend', 'user')",2
"('behalf', 'usersu')",2
"('send', 'receive')",1
"('outlook', 'configuration')",1
"('pool', 'request')",1
"('alarm', 'ecsaclwiprocom')",1
"('able', 'access')",5
"('macfee', 'port')",1
"('weekly', 'bandwidth')",1
"('address', 'need')",1
"('leandras', 'mobile')",1
"('irmc', 'audit')",1
"('priority', 'hostname')",2
"('livemeeting', 'issue')",1
"('configure', 'management')",1
"('enable', 'port')",1
"('manager', 'approve')",1
"('need', 'console')",1
"('need', 'add')",48
"('fw', 'test')",6
"('freq', 'acclockout')",1
"('add', 'domaincreat')",1
"('ehealth', 'ior')",1
"('alert', 'sjp')",1
"('ntc', 'room')",2
"('port', 'switch')",1
"('current', 'configuration')",1
"('distribution', 'group')",1
"('policy', 'query')",2
"('would', 'creation')",4
"('testing', 'purpose')",1
"('facetime', 'audio')",1
"('occur', 'eccasimp')",2
"('issue', 'connect')",2
"('need', 'assistance')",4
"('need', 'format')",1
"('employee', 'queryregard')",2
"('ref', 'lpr')",1
"('intranet', 'service')",1
"('server', 'ecsccmfep')",1
"('need', 'replace')",10
"('sjp', 'charle')",2
"('gndc', 'internet')",1
"('add', 'portugal')",1
"('power', 'fedex')",1
"('configure', 'office')",1
"('anti', 'virus')",2
"('critical', 'alarm')",4
"('engineer', 'check')",2
"('laptop', 'battery')",8
"('supply', 'show')",1
"('need', 'otp')",2
"('wipro', 'harman')",1
"('do', 'attack')",1
"('pree', 'meet')",1
"('malware', 'antivirus')",1
"('cubicle', 'detail')",1
"('latency', 'ir')",1
"('ss', 'ec')",1
"('check', 'cpu')",1
"('device', 'dr')",1
"('finalize', 'implementation')",1
"('inwilahydr', 'inwilahydr')",1
"('network', 'slowness')",1
"('bw', 'ec')",1
"('customer', 'place')",1
"('vlan', '-PRON-')",1
"('provide', 'user')",1
"('enable', 'pstn')",5
"('cce', 'tower')",1
"('ticket', 'resolve')",2
"('need', 'clariication')",1
"('operate', 'ts')",1
"('not', 'workin')",1
"('not', 'detect')",2
"('card', 'port')",1
"('slowness', 'issue')",7
"('laptop', 'medium')",1
"('log', 'detail')",1
"('purpose', 'address')",1
"('access', '-PRON-')",1
"('hdc', 'high')",1
"('gcc', 'odc')",1
"('installation', 'laptop')",1
"('like', 'new')",1
"('verizon', 'portal')",1
"('user', 'otp')",89
"('mandatory', 'wipro')",1
"('fw', 'reghlc')",1
"('file', 'process')",1
"('free', 'ip')",2
"('link', 'crm')",1
"('office', 'pro')",1
"('needful', 'asap')",1
"('address', 'bcbe')",1
"('instal', 'extension')",1
"('link', 'mar')",2
"('clash', 'wt')",1
"('qplc', 'policy')",2
"('screenshot', 'savigent')",2
"('request', 'remove')",1
"('server', 'find')",1
"('specific', 'host')",1
"('access', 'crenditial')",1
"('would', 'blackberry')",1
"('disk', 'corrupt')",1
"('utilization', 'mention')",1
"('pst', 'file')",14
"('check', 'network')",3
"('backup', 'laptop')",2
"('battery', 'need')",3
"('reachable', 'ectgacl')",1
"('path', 'sccm')",1
"('datum', 'recovery')",3
"('work', 'iam')",1
"('ftr', 'approver')",1
"('need', 'fedex')",1
"('week', 'need')",1
"('week', 'utilization')",2
"('vpn', 'feel')",1
"('issue', 'pm')",1
"('would', 'like')",1
"('account', 'ou')",1
"('guide', 'need')",1
"('host', 'dubaidic')",1
"('require', 'segment')",1
"('access', 'ps')",1
"('need', 'mcafee')",1
"('hmala', 'password')",1
"('new', 'wifi')",1
"('project', 'vlan')",1
"('dsridhar', 'pw')",1
"('week', 'bandwidth')",2
"('office', 'error')",1
"('location', 'chennai')",2
"('win', 'key')",1
"('device', 'physically')",1
"('papana', 'street')",1
"('vlan', 'shiwcth')",1
"('location', 'give')",1
"('need', 'fix')",1
"('java', 'update')",2
"('slowness', 'reconnect')",1
"('need', 'admin')",38
"('application', 'not')",3
"('mywipro', 'not')",1
"('intermittently', 'assign')",1
"('de', 'password')",1
"('request', 'ec')",1
"('synch', 'blackberry')",1
"('kindly', 'backup')",7
"('server', 'tedwebk')",1
"('printer', 'network')",2
"('prefix', 'list')",1
"('ipsegment', 'daimler')",1
"('be', 'password')",1
"('email', 'group')",1
"('dana', 'project')",1
"('server', 'revert')",1
"('client', 'vdi')",1
"('pw', 'issue')",10
"('ms', 'sql')",1
"('walmart', 'odc')",1
"('training', 'not')",1
"('backup', 'mention')",7
"('japassword', 'issue')",1
"('lan', 'not')",3
"('flex', 'project')",1
"('multicast', 'broadcast')",1
"('wifi', 'aberdeen')",1
"('symantic', 'mcafee')",1
"('address', 'eb')",1
"('space', 'drive')",2
"('location', 'switch')",2
"('ldap', 'issue')",1
"('es', 'care')",2
"('hdc', 'slowness')",1
"('tool', 'nimsoft')",1
"('care', 'priority')",3
"('user', 'resolve')",2
"('resolver', 'group')",2
"('switchport', 'trunk')",1
"('vashist', 'sondhi')",1
"('charger', 'problem')",1
"('bandwidth', 'usage')",1
"('enable', 'access')",3
"('java', 'installation')",1
"('bb', 'mdc')",1
"('pw', 'reset')",1
"('allow', 'destination')",1
"('odc', 'hdc')",1
"('access', 'helpline')",3
"('ticket', 'central')",1
"('get', 'alert')",1
"('important', 'message')",1
"('sarjapur', 'location')",1
"('health', 'check')",1
"('user', 'symantic')",3
"('lan', 'issue')",2
"('find', 'server')",1
"('user', 'clarify')",1
"('report', 'week')",1
"('personal', 'laptop')",1
"('share', 'perform')",1
"('noc', 'proxy')",1
"('mike', 'unable')",1
"('free', 'disk')",1
"('site', 'not')",2
"('itac', 'work')",1
"('tag', 'jivin')",1
"('material', 'need')",1
"('issue', 'change')",1
"('intermittent', 'issue')",1
"('reflect', 'tms')",1
"('ec', 'communication')",1
"('check', 'device')",1
"('clariication', 'ipaddress')",1
"('configure', 'new')",1
"('configuration', 'activation')",1
"('azure', 'note')",1
"('laptop', 'slowness')",1
"('guset', 'wifi')",1
"('internal', 'source')",2
"('data', 'card')",12
"('loop', 'ip')",3
"('microsoft', 'lync')",1
"('wifi', 'configuration')",1
"('gdcwvsnlmbpcf', 'link')",1
"('ticket', 'number')",2
"('action', 'need')",2
"('setup', 'detail')",1
"('wipro', 'vdi')",2
"('extended', 'qr')",1
"('request', 'share')",1
"('request', 'sftp')",1
"('forward', 'outlook')",2
"('removal', 'desktop')",1
"('exchange', 'server')",1
"('plus', 'product')",1
"('login', 'tacacs')",1
"('ip', 'source')",2
"('guest', 'account')",1
"('room', 'floor')",1
"('freen', 'ip')",1
"('show', 'blue')",1
"('install', 'lync')",1
"('get', 'deliver')",1
"('dr', 'need')",1
"('sccm', 'server')",1
"('error', 'ms')",1
"('uplinktotflact', 'switchport')",1
"('hdc', 'location')",2
"('behalf', 'userga')",2
"('gndc', 'packetshapper')",1
"('access', 'installation')",1
"('kumrjpassword', 'issue')",1
"('lose', 'want')",1
"('deny', 'traffic')",3
"('exaclty', 'locate')",1
"('gcccdcfg', 'gcccdcfg')",1
"('moth', 'utilization')",2
"('report', 'newly')",1
"('odc', 'bw')",4
"('john', 'hancock')",1
"('vlan', 'ipsegment')",1
"('installation', 'sap')",1
"('bind', 'charle')",2
"('pdc', 'packetshaper')",2
"('trouble', 'load')",1
"('snmp', 'configuration')",2
"('close', 'transfer')",1
"('usage', 'report')",1
"('update', 'proceed')",1
"('class', 'utilization')",1
"('user', 'bangalore')",1
"('tp', 'project')",1
"('awe', 'fw')",1
"('check', 'query')",1
"('travel', 'customer')",1
"('super', 'sloooww')",2
"('ps', 'primary')",1
"('tt', 'isp')",1
"('slow', 'yesterday')",1
"('internet', 'outlook')",1
"('bw', 'netsuite')",1
"('renne', 'location')",1
"('able', 'reset')",1
"('baord', 'issue')",1
"('nw', 'port')",3
"('vpn', 'connectivity')",2
"('project', 'ip')",1
"('sjpsfaw', 'device')",2
"('mpls', 'update')",1
"('monitor', 'not')",1
"('ne', 'remove')",2
"('spaceonly', 'mb')",2
"('ip', 'printer')",1
"('need', 'help')",2
"('kindly', 'user')",3
"('step', 'code')",1
"('update', 'macafee')",1
"('power', 'issue')",1
"('port', 'channel')",1
"('violate', 'ur')",1
"('lync', 'byod')",1
"('alert', 'unable')",1
"('address', 'ceebd')",1
"('vpn', 'da')",1
"('get', 'swithc')",1
"('pasa', 'firewall')",1
"('samt', 'prod')",1
"('mode', 'vtp')",1
"('join', 'want')",1
"('mpls', 'link')",1
"('do', 'not')",3
"('software', 'new')",1
"('would', 'ip')",1
"('access', 'drive')",1
"('logging', 'escare')",1
"('printer', 'check')",1
"('ip', 'requirement')",2
"('link', 'kindly')",1
"('need', 'support')",3
"('fw', 'ad')",1
"('frequent', 'lockout')",3
"('login', 'webmail')",1
"('project', 'handle')",1
"('gemini', 'ct')",1
"('new', '-PRON-')",1
"('avago', 'ss')",2
"('crm', '-PRON-')",1
"('port', 'port')",1
"('canada', 'post')",1
"('try', 'access')",1
"('ie', 'chrome')",1
"('credential', 'transferring')",1
"('assistance', 'install')",4
"('cwi', 'password')",1
"('take', 'time')",1
"('installation', 'party')",1
"('homed', 'link')",1
"('location', 'ec')",4
"('request', 'time')",1
"('authentication', 'issue')",1
"('port', 'target')",1
"('ios', 'upgradation')",2
"('give', 'destination')",1
"('naoutlook', 'issue')",1
"('time', 'pm')",1
"('need', 'configured')",6
"('device', 'eccafeteria')",2
"('slow', 'wipro')",1
"('test', 'mail')",5
"('accessible', 'help')",1
"('slot', 'go')",1
"('deliver', 'issue')",1
"('form', 'issue')",1
"('access', 'odc')",1
"('ip', 'secondary')",1
"('daoutlook', 'issue')",1
"('delete', 'enter')",1
"('configure', 'vlan')",67
"('emc', 'slowness')",1
"('production', 'regard')",1
"('daily', 'backup')",1
"('conti', 'user')",1
"('laptop', 'lock')",1
"('machine', 'xsbcdabrvcmq')",1
"('explorer', 'can')",1
"('unable', 'access')",3
"('install', 'symantic')",1
"('enable', 'ebc')",1
"('hyper', 'link')",1
"('screen', 'error')",1
"('firewall', 'block')",1
"('configure', 'outlook')",6
"('allow', 'scanner')",1
"('ec', 'eosl')",1
"('floor', 'bw')",1
"('yammer', 'active')",1
"('swithc', 'power')",1
"('delivery', 'citi')",1
"('route', 'ticket')",1
"('scope', 'bestbuy')",1
"('irmc', 'checklist')",4
"('ezhil', 'check')",1
"('router', 'not')",1
"('ectcl', 'device')",1
"('get', 'lock')",4
"('list', 'uninstall')",1
"('lan', 'disconnected')",1
"('hyderabad', 'host')",1
"('marahmpassword', 'issue')",1
"('not', 'synch')",1
"('resolve', 'user')",1
"('not', 'load')",2
"('issue', 'internet')",2
"('mar', 'business')",1
"('gsmc', 'backbone')",1
"('remotely', 'intranet')",1
"('hop', 'mention')",1
"('service', 'ksa')",1
"('wbpo', 'ip')",1
"('loop', 'vasanth')",1
"('hoofdorp', 'office')",1
"('ur', 'user')",1
"('laptop', 'fan')",1
"('ad', 'password')",3
"('dotq', 'switchport')",1
"('sec', 'packetshaper')",1
"('exam', 'module')",1
"('dana', 'peer')",1
"('request', 'need')",1
"('post', 'link')",1
"('access', 'mywipro')",1
"('slowness', 'peel')",2
"('wtitms', 'vm')",1
"('safe', 'boot')",1
"('change', 'proxy')",1
"('approve', 'request')",1
"('location', 'dhcp')",2
"('laptop', 'configuration')",50
"('kmadur', 'pw')",1
"('would', 'contact')",1
"('class', 'schneider')",1
"('poll', 'andor')",1
"('not', 'power')",2
"('laptop', 'unable')",1
"('office', 'key')",17
"('secondary', 'mbps')",1
"('access', 'customer')",1
"('segment', 'bat')",1
"('laptop', 'display')",2
"('not', 'visible')",1
"('bat', 'ss')",1
"('ct', 'vpn')",1
"('charle', 'schwab')",6
"('isd', 'call')",1
"('drop', 'avs')",1
"('fix', 'da')",1
"('would', 'ma')",1
"('laptop', 'macafee')",1
"('fw', 'critical')",4
"('route', 'concern')",3
"('outside', 'wipro')",1
"('unknown', 'remain')",1
"('wile', 'change')",1
"('need', 'bitlocker')",2
"('date', 'need')",1
"('client', 'installation')",1
"('da', 'stop')",1
"('laptop', 'rebuild')",1
"('wt', 'bhdc')",1
"('check', 'date')",1
"('need', 'federation')",1
"('new', 'laptop')",8
"('adid', 'access')",1
"('bestbuy', 'scope')",1
"('firewall', 'reboot')",1
"('tms', 'suggest')",1
"('segment', 'wt')",1
"('adaptor', 'lose')",2
"('indiadomestic', 'request')",1
"('cecause', 'work')",1
"('bitlocker', 'recovery')",2
"('new', 'matching')",1
"('syslog', 'server')",2
"('load', 'itms')",1
"('share', 'moth')",2
"('multicast', 'request')",1
"('mbam', 'group')",11
"('enter', 'profile')",1
"('slow', 'wrong')",1
"('opening', 'detail')",1
"('network', 'ukpark')",1
"('integra', 'project')",1
"('problem', 'httpsgatewaywi')",1
"('location', 'release')",1
"('switch', 'check')",1
"('ego', 'laptop')",1
"('omit', 'ip')",1
"('work', 'sjp')",2
"('facility', 'lync')",1
"('-PRON-', 'be')",9
"('new', 'implementation')",1
"('window', 'activation')",1
"('ss', 'cdc')",1
"('contact', 'detail')",1
"('domain', 'group')",1
"('fw', 'gts')",1
"('host', 'mbam')",10
"('need', 'adapter')",1
"('end', 'revert')",2
"('raise', 'enable')",1
"('system', 'domain')",1
"('wing', 'switch')",1
"('professional', 'plus')",1
"('code', 'generate')",1
"('facing', 'issue')",1
"('location', 'cdc')",1
"('location', 'face')",1
"('date', 'status')",1
"('expire', 'change')",48
"('be', 'ticket')",1
"('project', 'wipro')",1
"('asap', 'production')",1
"('employee', 'rajat')",1
"('policy', 'issue')",1
"('right', 'reinstallation')",1
"('ec', 'location')",1
"('eccasimp', 'model')",2
"('pl', 'guide')",1
"('server', 'group')",1
"('symantec', 'issue')",7
"('server', 'sl')",1
"('mcafee', 'install')",1
"('upgrade', 'request')",1
"('img', 'issue')",1
"('find', 'attach')",1
"('door', 'replacement')",1
"('card', 'not')",4
"('protel', 'not')",1
"('behalf', 'userna')",1
"('wifi', 'scope')",1
"('laptop', 'os')",10
"('project', 'operate')",1
"('emc', 'face')",1
"('share', 'ip')",3
"('install', 'software')",2
"('folder', 'lock')",1
"('add', 'static')",2
"('desktop', 'sap')",1
"('stop', 'respond')",8
"('lockout', 'issue')",6
"('kindly', 'help')",2
"('kindly', 'upgrade')",1
"('configured', 'policy')",1
"('configuration', 'outlook')",1
"('daily', 'pm')",16
"('work', 'travel')",1
"('local', 'user')",2
"('location', 'alert')",3
"('laptop', 'crash')",2
"('access', 'coe')",1
"('asset', 'boot')",1
"('la', 'pw')",2
"('user', 'unable')",2
"('high', 'latency')",4
"('network', 'signal')",1
"('vmid', 'ip')",1
"('bit', 'locker')",1
"('guest', '-PRON-')",1
"('teresa', 'smith')",1
"('outlook', 'problem')",2
"('issue', 'resolve')",2
"('fd', 'location')",1
"('kodcprisodcc', 'bgp')",1
"('check', 'alert')",1
"('location', 'ip')",1
"('bw', 'class')",1
"('need', 'prepared')",15
"('month', 'feb')",1
"('ehelpline', 'not')",1
"('ie', 'install')",1
"('install', 'ms')",2
"('work', 'properly')",2
"('check', 'es')",1
"('st', 'nov')",1
"('bypassing', 'issue')",1
"('frequent', 'account')",53
"('jci', 'tunnel')",1
"('social', 'medium')",1
"('pls', 'update')",1
"('note', 'rdp')",1
"('issue', 'lync')",2
"('bgp', 'router')",1
"('switch', 'es')",1
"('latha', 'password')",1
"('odc', 'onsite')",1
"('device', 'ip')",1
"('wt', 'device')",1
"('core', 'device')",4
"('provide', 'weekly')",1
"('label', 'create')",3
"('troubleshoot', 'mcafee')",1
"('detect', 'machine')",1
"('myappwiprocom', 'protel')",1
"('destination', 'ip')",6
"('dr', 'activity')",1
"('right', 'resolver')",2
"('trunk', 'encapsulation')",1
"('server', 'connected')",1
"('address', 'newly')",1
"('local', 'profile')",2
"('read', 'location')",1
"('modifcation', 'path')",1
"('trap', 'receive')",1
"('address', 'change')",1
"('img', 'ntc')",1
"('update', 'power')",1
"('deliver', 'outside')",1
"('incident', 'work')",2
"('work', 'campbell')",1
"('vdi', 'issue')",1
"('mcgrawhills', 'cdc')",1
"('add', 'system')",1
"('frequent', 'ad')",1
"('usa', 'available')",1
"('belong', 'location')",5
"('access', 'remotely')",1
"('kindly', 'look')",4
"('help', 'password')",1
"('odc', 'early')",1
"('ticket', 'sjp')",1
"('gate', 'way')",1
"('route', 'sccmhdc')",1
"('new', 'ip')",1
"('creation', 'lm')",1
"('ma', 'password')",1
"('mb', 'mb')",2
"('explorer', 'downgrade')",1
"('point', 'security')",1
"('laptop', 'admin')",1
"('keyboardtouch', 'pad')",2
"('ecube', 'task')",2
"('mat', 'laptop')",1
"('system', 'dedicated')",1
"('add', 'mention')",4
"('multiple', 'odc')",1
"('primary', 'seconday')",1
"('manikonda', 'sez')",2
"('report', 'circuit')",2
"('corrupt', 'laptop')",1
"('upgrade', 'activity')",1
"('ticket', 'end')",1
"('federation', 'access')",73
"('damage', 'need')",1
"('sl', 'vmid')",1
"('signal', 'issue')",1
"('sh', 'log')",1
"('matching', 'rule')",1
"('contact', 'user')",1
"('shutdown', 'issue')",1
"('switchport', 'switchport')",1
"('lenovo', 'adaptor')",1
"('remove', 'prefix')",1
"('hdd', 'issue')",8
"('external', 'party')",1
"('access', 'savigent')",2
"('scope', 'need')",1
"('password', 'issue')",31
"('device', 'sjp')",1
"('location', 'user')",2
"('crm', 'issue')",1
"('dhcp', 'server')",5
"('not', 'advertise')",1
"('mcarva', 'password')",1
"('able', 'work')",1
"('share', 'mention')",5
"('line', 'card')",1
"('symantec', 'problem')",1
"('follow', 'step')",1
"('link', 'flucutuat')",1
"('block', 'ip')",1
"('space', 'performance')",1
"('page', 'do')",1
"('access', 'client')",1
"('nov', 'need')",12
"('chennai', 'primary')",1
"('share', 'location')",1
"('server', 'check')",3
"('laptop', 'asset')",5
"('new', 'wipro')",1
"('sync', 'password')",1
"('wipro', 'intranet')",1
"('kalander', 'laptop')",1
"('card', 'sjp')",1
"('outlook', 'config')",2
"('vpn', 'network')",1
"('user', 'yv')",1
"('reset', 'password')",48
"('projecct', 'issue')",2
"('installation', 'activation')",2
"('dhcp', 'scope')",6
"('traffic', 'internal')",2
"('detail', 'atlanda')",1
"('office', 'bit')",1
"('mcafee', 'asking')",1
"('physically', 'update')",2
"('follwo', 'ip')",2
"('hdc', 'packet')",1
"('kindly', 'manual')",8
"('critical', 'project')",1
"('datum', 'transfer')",1
"('stack', 'swicth')",1
"('access', 'allow')",1
"('get', 'approval')",1
"('gal', 'modifcation')",1
"('issue', 'ie')",1
"('kindly', 'add')",3
"('create', 'new')",4
"('look', 'mac')",3
"('requirement', 'description')",4
"('share', 'path')",1
"('update', 'priority')",3
"('kick', 'callifdsbridge')",1
"('remove', 'tape')",1
"('block', 'wing')",2
"('project', 'instal')",1
"('laptop', 'run')",1
"('network', 'face')",1
"('change', 'port')",3
"('ip', 'reservation')",4
"('ssl', 'vpn')",1
"('medium', 'card')",1
"('greddy', 'mail')",1
"('need', 'ip')",5
"('traffic', 'port')",1
"('button', 'not')",2
"('infected', 'file')",1
"('not', 'settle')",1
"('email', '-PRON-')",1
"('motherboard', 'replace')",1
"('mmchina', 'conti')",1
"('laptop', 'hang')",1
"('feel', 'slow')",1
"('label', 'return')",1
"('solve', 'issue')",1
"('road', 'location')",1
"('free', 'ips')",1
"('manual', 'backup')",11
"('provide', 'pool')",1
"('citrix', 'access')",1
"('check', 'not')",1
"('connect', 'connect')",1
"('new', 'start')",1
"('vtp', 'switch')",3
"('member', 'modification')",1
"('mywipro', 'have')",1
"('approve', 'let')",1
"('symantic', 'problem')",3
"('webmail', 'server')",1
"('close', 'bin')",1
"('coimbatore', 'location')",1
"('reliance', 'usage')",1
"('ksa', 'not')",1
"('debmo', 'federation')",1
"('work', 'block')",1
"('laptop', 'local')",1
"('would', 'debug')",1
"('help', 'asap')",1
"('lose', 'admin')",1
"('port', 'abs')",1
"('onsite', 'unable')",1
"('address', 'project')",1
"('device', 'port')",1
"('backup', 'sjp')",2
"('noc', 'extended')",1
"('odc', 'switch')",1
"('health', 'checkup')",1
"('kindly', 'update')",1
"('early', 'project')",1
"('ct', 'odc')",2
"('suprta', 'sarkar')",1
"('bp', 'odc')",1
"('device', 'critical')",1
"('secondary', 'ipsi')",1
"('ectbcl', 'device')",1
"('walmart', 'firewall')",1
"('troubleshoot', 'outlook')",1
"('prompt', 'pop')",1
"('mdc', 'monitoring')",1
"('connect', 'client')",2
"('recovery', 'key')",2
"('system', 'control')",1
"('cdcsccmmp', 'ip')",2
"('window', 'run')",1
"('connect', 'customer')",1
"('network', 'setup')",1
"('website', 'solve')",1
"('have', 'multiple')",1
"('wipro', 'mail')",1
"('location', 'need')",1
"('creat', 'dhcp')",1
"('task', 'reflect')",2
"('noc', 'chennai')",1
"('mother', 'board')",7
"('kindly', 'mat')",1
"('would', 'new')",1
"('vlan', 'cddca')",1
"('access', 'email')",1
"('user', 'unlock')",9
"('port', 'free')",1
"('monthly', 'review')",1
"('nee', 'backup')",1
"('major', 'issue')",1
"('would', 'change')",1
"('internet', 'slow')",1
"('base', 'os')",1
"('raise', 'behalf')",19
"('secondary', 'airtel')",1
"('tmss', 'stander')",1
"('fw', 'relocation')",1
"('issue', 'end')",1
"('advertise', 'schwab')",1
"('not', 'workl')",1
"('singapore', 'location')",1
"('current', 'utilization')",1
"('pool', 'ip')",1
"('application', 'error')",1
"('tab', 'not')",1
"('port', 'not')",2
"('installation', 'standard')",1
"('able', 'login')",5
"('wing', 'tag')",1
"('project', 'detail')",1
"('shortly', 'meanwhi')",1
"('provide', 'log')",1
"('huge', 'firewall')",2
"('forward', 'not')",1
"('escare', 'tt')",1
"('display', 'webpage')",1
"('transfer', 'close')",1
"('google', 'chrome')",2
"('lync', 'communicator')",2
"('need', 'access')",3
"('active', 'sync')",1
"('get', 'lot')",1
"('java', 'issue')",2
"('change', 'teresa')",1
"('shaper', 'shaping')",1
"('datum', 'copy')",1
"('mysore', 'bb')",1
"('build', 'configuration')",1
"('activation', 'key')",1
"('check', 'physically')",1
"('user', '-PRON-')",5
"('johnsona', 'uk')",1
"('utlization', 'report')",1
"('sjp', 'block')",1
"('kindlt', 'piority')",1
"('not', 'able')",20
"('dedicated', 'vlan')",1
"('behlaf', 'userar')",1
"('description', 'uplinktotflact')",1
"('fw', 'change')",1
"('central', 'local')",1
"('primary', 'ww')",1
"('mcfee', 'issue')",1
"('bangalore', 'face')",1
"('ip', 'address')",17
"('work', 'outlook')",4
"('would', 'configuration')",2
"('port', 'issue')",1
"('access', 'configuration')",1
"('brightness', 'not')",1
"('query', 'not')",1
"('bgp', 'trap')",1
"('care', 'tt')",2
"('project', 'project')",1
"('ciena', 'odc')",1
"('installation', 'outook')",1
"('freq', 'account')",1
"('would', 'chennai')",1
"('configuration', 'router')",1
"('screen', 'issue')",1
"('office', 'printer')",2
"('resolve', 'issue')",2
"('password', 'user')",1
"('lcd', 'problem')",1
"('state', 'manager')",1
"('route', 'wbpo')",1
"('sjp', 'location')",4
"('communicate', 'client')",1
"('access', 'kindly')",1
"('ecsdcl', 'fastethernet')",1
"('user', 'detail')",1
"('peer', 'ip')",2
"('park', 'th')",1
"('mcafee', 'port')",1
"('spam', 'notification')",1
"('wipro', 'mumbai')",1
"('detail', 'needful')",1
"('lync', 'live')",1
"('february', 'month')",1
"('need', 'allow')",4
"('mywipro', 'issue')",2
"('not', 'workig')",1
"('datum', 'vlan')",1
"('checkup', 'require')",1
"('support', 'server')",1
"('monthly', 'capacity')",1
"('peel', 'park')",3
"('need', 'conduct')",1
"('domain', '-PRON-')",1
"('not', 'right')",1
"('lot', 'time')",1
"('detail', 'approval')",2
"('admin', 'credential')",1
"('lync', 'not')",10
"('slownesswe', 'give')",1
"('device', 'addition')",1
"('would', 'tacacs')",1
"('bank', 'raj')",1
"('mention', 'ip')",6
"('port', 'pls')",1
"('papanna', 'street')",1
"('odc', 'not')",1
"('campbell', 'odc')",1
"('conference', 'need')",1
"('help', 'get')",2
"('cdc', 'vtp')",2
"('arabia', 'country')",1
"('location', 'papana')",1
"('lock', 'user')",1
"('monitor', 'img')",1
"('upgradation', 'bp')",1
"('shaper', 'respectively')",1
"('refer', 'trail')",1
"('requirement', 'request')",1
"('issue', 'needful')",1
"('laptop', 'replacement')",2
"('address', 'location')",2
"('not', 'loading')",1
"('laptop', 'adaptor')",1
"('work', 'gateway')",2
"('mo', 'password')",1
"('call', 'not')",1
"('earlier', 'raise')",1
"('secondary', 'firewal')",1
"('request', 'create')",1
"('kindly', 'reach')",1
"('access', 'communicate')",1
"('passport', 'ip')",1
"('federated', 'lync')",2
"('mpp', 'activation')",1
"('security', 'mcafee')",1
"('escalate', 'client')",1
"('chrome', 'unable')",1
"('box', 'not')",1
"('mcafee', 'antivirus')",1
"('hdd', 'error')",1
"('ec', 'noc')",2
"('wipro', 'backbone')",1
"('ip', 'url')",1
"('creation', 'idra')",1
"('utilization', 'detail')",1
"('pdc', 'primary')",1
"('hp', 'odc')",2
"('not', 'appear')",2
"('nanjundiah', 'satyaprakash')",1
"('latop', 'office')",1
"('say', 'request')",1
"('hdc', 'ps')",2
"('internet', 'issue')",14
"('kindly', 'map')",1
"('share', 'week')",1
"('ckt', '-PRON-')",2
"('porto', 'location')",1
"('error', 'popup')",1
"('disable', 'mention')",1
"('laptop', 'wipro')",4
"('mail', 'not')",158
"('hwaghmpassword', 'issue')",1
"('contain', 'authentication')",1
"('ip', 'belong')",6
"('block', 'access')",1
"('byod', 'issue')",1
"('adapter', 'need')",1
"('email', 'address')",1
"('mail', 'need')",1
"('internet', 'access')",3
"('vlan', 'unable')",1
"('ip', 'datum')",1
"('address', 'new')",1
"('java', 'contact')",1
"('source', 'multiple')",2
"('retrieve', 'datum')",1
"('tower', 'stack')",3
"('receive', 'device')",1
"('get', 'update')",2
"('project', 'vpn')",1
"('ss', 'odc')",1
"('processor', 'need')",1
"('laptop', 'performance')",1
"('lan', 'port')",73
"('wifi', 'direct')",1
"('street', 'location')",1
"('offline', 'check')",1
"('ask', 'admin')",1
"('return', 'sheet')",1
"('user', 'location')",1
"('ec', 'packet')",2
"('pl', 'find')",1
"('cneed', 'configure')",1
"('vietnam', 'number')",2
"('ecsccmfesp', 'ip')",1
"('lasterror', 'wtsjpior')",1
"('guset', '-PRON-')",2
"('laptop', 'configuartion')",1
"('ip', 'dm')",2
"('issue', 'transfer')",2
"('source', 'ip')",11
"('multiple', 'tower')",1
"('big', 'problem')",1
"('router', 'utilization')",1
"('practice', 'training')",1
"('mupassword', 'issue')",2
"('helix', 'laptop')",1
"('user', 'synchronize')",2
"('unable', 'reach')",1
"('high', 'priority')",1
"('would', 'lock')",1
"('enable', 'permission')",1
"('mac', 'address')",18
"('log', 'sap')",1
"('hyperv', 'base')",1
"('settle', 'onsite')",1
"('ifd', 'vlan')",1
"('mail', 'server')",2
"('cclg', 'mail')",1
"('babu', 'wipro')",1
"('bcbe', 'user')",1
"('connect', 'outlook')",1
"('finland', 'admin')",1
"('mu', 'password')",1
"('training', 'material')",1
"('analysis', 'fyi')",1
"('needful', 'mac')",1
"('error', 'unknown')",1
"('router', 'identifi')",1
"('ip', 'destination')",2
"('connect', 'switch')",1
"('account', 'lock')",18
"('related', 'wipro')",1
"('not', 'display')",2
"('access', 'user')",1
"('gateway', 'not')",4
"('levis', 'class')",1
"('not', 'accessible')",3
"('odc', 'proxy')",1
"('ec', 'new')",1
"('attach', 'file')",1
"('add', 'class')",1
"('dipassowrd', 'issue')",1
"('group', 'dl')",1
"('testing', 'charle')",1
"('odc', 'mmchina')",1
"('fw', 'pend')",2
"('belong', 'wcclg')",1
"('tunnel', 'issue')",1
"('current', 'month')",2
"('dlp', 'port')",1
"('switch', 'transparent')",1
"('isp', 'share')",1
"('hdd', 'problem')",4
"('ga', 'password')",1
"('ec', 'internet')",2
"('backup', 'sjpsd')",4
"('email', 'issue')",1
"('direct', 'access')",38
"('extension', 'google')",1
"('need', 'download')",1
"('wipro', 'raipur')",1
"('manul', 'backup')",1
"('detail', 'bby')",1
"('transfer', 'resolve')",1
"('forwarding', 'enable')",1
"('blade', 'stop')",2
"('report', 'feburary')",1
"('vlan', 'change')",1
"('provide', 'free')",1
"('ip', 'segment')",10
"('location', 'tower')",1
"('currency', 'conversion')",1
"('local', 'onsite')",1
"('assist', 'route')",1
"('laptop', 'desktop')",1
"('open', 'atlanda')",1
"('issue', 'lanwlan')",1
"('java', 'software')",1
"('tcp', 'port')",1
"('nimsoft', 'request')",1
"('enable', 'bitlocker')",4
"('location', 'server')",3
"('admin', 'vpn')",1
"('enable', 'federation')",3
"('symentec', 'issue')",5
"('th', 'nov')",11
"('wifi', 'segment')",1
"('not', 'present')",1
"('laptop', 'issue')",11
"('lync', 'asking')",1
"('power', 'connection')",1
"('network', 'card')",1
"('bandwidth', 'class')",5
"('project', 'bit')",2
"('user', 'not')",2
"('report', 'network')",1
"('laptop', 'new')",1
"('project', 'installation')",4
"('ceebd', 'ip')",1
"('email', 'dl')",1
"('enable', 'needfull')",1
"('incident', 'user')",1
"('mac', 'bb')",1
"('need', 'free')",3
"('sap', 'vpn')",1
"('frequently', 'account')",1
"('ectacl', 'contain')",1
"('ka', 'mail')",1
"('bypass', 'request')",1
"('lockout', 'problem')",1
"('assiston', 'manager')",1
"('new', 'message')",1
"('domain', 'join')",1
"('laptop', 'heating')",1
"('hyper', 'quality')",1
"('helpline', 'issue')",1
"('profile', 'datum')",1
"('email', 'brazil')",1
"('class', 'mcgrawhills')",1
"('displya', 'port')",1
"('toshiba', 'gemini')",1
"('lync', 'internet')",3
"('change', '-PRON-')",48
"('laptop', 'reimag')",1
"('vpn', 'link')",1
"('panasonic', 'germany')",1
"('link', 'port')",1
"('location', 'traffic')",1
"('destination', 'access')",1
"('issue', 'user')",1
"('lan', 'migration')",1
"('lock', 'issue')",7
"('check', 'share')",1
"('vrf', 'location')",1
"('need', 'enable')",26
"('pstn', 'facility')",1
"('shoot', 'attach')",1
"('encryption', 'key')",1
"('enable', 'rdp')",1
"('brazil', 'not')",1
"('wifi', 'not')",1
"('meeting', 'bank')",1
"('eccheckpoint', 'ecinternet')",2
"('address', 'debin')",2
"('mention', 'class')",2
"('latency', 'peer')",1
"('disk', 'datum')",1
"('mts', 'data')",2
"('mouse', 'button')",1
"('access', 'telefonicacom')",1
"('reachable', 'cdcsecl')",1
"('install', 'request')",1
"('laptop', 'detail')",1
"('ukpark', 'royal')",1
"('suite', 'change')",1
"('unable', 'connect')",4
"('eseth', 'password')",1
"('management', 'agent')",1
"('dc', 'support')",2
"('add', 'mac')",2
"('login', 'problem')",4
"('connect', 'port')",1
"('federated', 'ms')",1
"('adptor', 'confiruation')",1
"('chennai', 'ec')",1
"('single', 'homed')",1
"('link', 'send')",1
"('el', 'outlook')",1
"('work', 'correctly')",1
"('not', 'open')",8
"('server', 'monitor')",1
"('secondary', 'bayer')",1
"('url', 'mention')",1
"('assign', 'ticket')",1
"('lan', 'cable')",1
"('hiplease', 'assist')",2
"('ticket', 'isp')",1
"('netwrok', 'stack')",1
"('link', 'location')",1
"('lync', 'issue')",23
"('sonama', 'project')",1
"('ec', 'tacacs')",1
"('access', 'not')",6
"('need', 'os')",2
"('cmr', 'need')",4
"('keypad', 'issue')",2
"('vedio', 'not')",1
"('th', 'december')",1
"('fan', 'fail')",1
"('march', 'circuit')",2
"('location', 'week')",1
"('monday', 'night')",1
"('monitor', 'session')",1
"('mv', 'nj')",1
"('need', 'citi')",1
"('open', 'india')",1
"('india', 'location')",1
"('end', 'point')",1
"('contain', 'blade')",2
"('img', 'gnoc')",2
"('sjp', 'device')",1
"('incorrect', 'doj')",1
"('office', 'config')",1
"('performance', 'issue')",2
"('not', 'work')",262
"('ip', 'require')",3
"('alert', 'sarjapur')",1
"('kindly', 'change')",1
"('workig', 'laptop')",1
"('issue', 'fix')",1
"('heating', 'issue')",1
"('laptop', 'configure')",2
"('configure', 'log')",1
"('mac', 'change')",1
"('ip', 'detail')",2
"('device', 'ec')",1
"('rdp', 'available')",1
"('maia', 'porto')",1
"('mywipro', 'application')",1
"('attach', 'screenshot')",2
"('group', 'asap')",1
"('manager', 'correct')",1
"('nike', 'odc')",1
"('outlook', 'isue')",1
"('ip', 'conflict')",1
"('kindly', 'care')",4
"('login', 'issue')",12
"('new', 'server')",1
"('external', 'domain')",1
"('onsite', 'application')",1
"('reboot', 'system')",1
"('check', 'asap')",2
"('ec', 'odc')",1
"('user', 'symentic')",1
"('charger', 'not')",1
"('degupta', 'federation')",1
"('radware', 'lan')",1
"('ips', 'configure')",1
"('laptop', 'hardware')",1
"('multiple', 'alert')",2
"('fw', 'ticket')",1
"('vlan', 'detail')",1
"('screen', 'display')",1
"('germany', 'project')",1
"('connected', 'network')",1
"('user', 'fix')",1
"('floor', 'block')",2
"('self', 'look')",1
"('device', 'stop')",6
"('laptop', 'slow')",1
"('mention', 'server')",2
"('mcafee', 'not')",2
"('lpr', 'detail')",1
"('new', 'model')",1
"('destination', 'server')",1
"('log', 'syslog')",1
"('helpline', 'raise')",1
"('reachable', 'wtvgkdc')",1
"('wing', 'ip')",1
"('synchronize', 'password')",2
"('access', 'vpn')",1
"('box', 'need')",1
"('issue', 'window')",1
"('ec', 'environment')",1
"('os', 'install')",1
"('laptop', 'sanitization')",1
"('behalf', 'usersjain')",1
"('work', 'not')",1
"('wipro', 'site')",1
"('access', 'work')",1
"('address', 'bbdec')",1
"('critical', 'device')",16
"('update', 'calender')",1
"('th', 'floor')",1
"('swaroopa', 'assign')",2
"('format', 'detag')",1
"('isa', 'client')",1
"('location', 'detail')",1
"('praveen', 'contact')",1
"('report', 'zna')",2
"('user', 'password')",1
"('reserve', 'ip')",1
"('would', 'reminder')",1
"('conversion', 'can')",1
"('respond', 'ticket')",1
"('december', 'ecube')",1
"('name', 'dedicate')",1
"('disk', 'dilip')",1
"('network', 'mpls')",1
"('access', 'detail')",2
"('target', 'odc')",1
"('colour', 'print')",1
"('device', 'th')",14
"('sez', 'location')",1
"('check', 'actachment')",1
"('ware', 'issue')",1
"('seconday', 'hyd')",1
"('int', 'build')",1
"('ebc', 'engineer')",1
"('new', 'ct')",2
"('free', 'port')",2
"('laptop', 'work')",1
"('issue', 'can')",1
"('need', 'setup')",1
"('message', 'not')",1
"('visible', 'mywipro')",1
"('tower', 'st')",1
"('correct', 'th')",1
"('update', 'port')",1
"('na', 'pw')",2
"('policy', 'apply')",1
"('telefonicacom', 'domain')",1
"('able', 'install')",1
"('need', 'week')",1
"('pm', 'ist')",2
"('onsite', 'salary')",1
"('mpls', 'network')",1
"('show', 'action')",2
"('cahrger', 'lose')",1
"('issue', 'tracker')",1
"('kishogon', 'office')",1
"('user', 'account')",2
"('wipro', 'domain')",7
"('file', 'find')",1
"('shaper', 'primary')",1
"('checklist', 'wt')",16
"('issue', 'violate')",1
"('sap', 'project')",1
"('connection', 'tab')",1
"('mail', 'send')",1
"('tranig', 'vedio')",1
"('work', 'segment')",1
"('norge', 'project')",1
"('care', 'ticket')",1
"('mcaffe', 'odc')",1
"('user', 'connect')",1
"('monitor', 'failure')",1
"('rfo', 'att')",1
"('not', 'enable')",1
"('hiteam', 'kindly')",1
"('kindly', 'check')",12
"('change', 'request')",1
"('require', 'idrac')",1
"('query', 'concerned')",1
"('packet', 'lose')",1
"('hub', 'room')",1
"('run', 'disk')",1
"('bandwidth', 'report')",2
"('hiremat', 'password')",1
"('server', 'important')",1
"('jopassword', 'issue')",1
"('need', 'preapar')",1
"('internet', 'problem')",3
"('resolve', 'early')",1
"('th', 'july')",1
"('show', 'user')",1
"('hard', 'datum')",1
"('device', 'reachable')",4
"('rozi', 'transfer')",1
"('boot', 'get')",1
"('fw', 'local')",1
"('let', 'know')",2
"('access', 'walmart')",1
"('wipro', 'training')",1
"('bb', 'requirement')",2
"('floor', 'wing')",3
"('need', 'tacacs')",1
"('secondary', 'packet')",1
"('work', 'progress')",2
"('show', 'lodin')",1
"('port', 'adptor')",1
"('laptop', 'laptop')",1
"('give', 'range')",1
"('usa', 'inbox')",1
"('schwab', 'ec')",6
"('fortigate', 'need')",1
"('kodak', 'network')",1
"('portugal', 'wlc')",1
"('device', 'itam')",1
"('need', 'new')",2
"('laptop', 'network')",2
"('vdi', 'appropriate')",1
"('group', '-PRON-')",1
"('connect', 'backup')",2
"('ps', 'ec')",1
"('colour', 'printer')",2
"('migrate', 'migrate')",1
"('pl', 'help')",1
"('create', 'class')",2
"('packetshaper', 'ref')",1
"('asap', 'impact')",1
"('check', 'ip')",1
"('share', 'read')",1
"('ip', 'clash')",1
"('lync', 'outlook')",1
"('da', 'show')",2
"('leave', 'detail')",1
"('destination', 'source')",2
"('wifi', 'fully')",1
"('da', 'class')",1
"('find', 'detail')",2
"('sharing', 'lync')",1
"('mail', 'referrence')",1
"('min', 'unlock')",1
"('get', 'expire')",48
"('board', 'need')",1
"('raise', 'cmr')",2
"('work', 'atlanta')",1
"('firewall', 'ip')",1
"('not', 'try')",1
"('get', 'reboot')",2
"('schwab', 'wifi')",1
"('microsof', 'lync')",1
"('mb', 'available')",2
"('able', 'connect')",2
"('laptop', 'datum')",1
"('impact', 'work')",1
"('direct', 'internet')",1
"('proxy', 'not')",1
"('fedex', 'shipment')",2
"('cmd', 'error')",1
"('client', 'not')",1
"('work', 'extended')",1
"('ecinternet', 'firewall')",2
"('backup', 'core')",1
"('maxi', 'ss')",1
"('request', 'check')",1
"('share', 'project')",1
"('reach', 'yser')",1
"('host', 'wipro')",1
"('concerned', 'query')",1
"('appropriate', 'action')",1
"('display', 'not')",1
"('bat', 'odc')",1
"('get', 'multiple')",1
"('mywipro', 'approve')",1
"('uninstall', 'symantec')",1
"('raise', 'behlaf')",4
"('issue', 'check')",1
"('entire', 'toshibha')",1
"('airtel', 'link')",1
"('reset', 'pasword')",1
"('face', 'browser')",2
"('guwahati', 'location')",1
"('binding', 'schwab')",5
"('antivirus', 'roll')",1
"('rakesh', 'relocation')",3
"('reminder', 'mail')",1
"('ectgacl', 'snmp')",1
"('byt', 'interface')",1
"('ms', 'citrix')",1
"('laptop', 'have')",1
"('access', 'problem')",1
"('snmp', 'ip')",2
"('asking', 'password')",2
"('ec', 'secondary')",1
"('mapassword', 'issue')",2
"('new', 'class')",1
"('gage', 'network')",1
"('alert', 'mention')",1
"('ask', 'install')",1
"('trunk', 'nati')",1
"('fw', 'rakesh')",3
"('sendreceive', 'email')",1
"('ip', 'access')",1
"('fw', 'vashist')",1
"('connect', 'smooth')",1
"('get', 'february')",1
"('ec', 'sec')",1
"('kbuck', 'pw')",1
"('backup', 'sjpsccs')",1
"('kindly', 'access')",1
"('server', 'os')",1
"('proxy', 'similar')",1
"('frequent', 'lock')",3
"('lync', 'sharing')",3
"('laptop', 'need')",8
"('segment', 'maxi')",1
"('hard', 'ware')",1
"('would', 'need')",1
"('network', 'fluctuation')",1
"('vpn', 'slow')",1
"('odc', 'affected')",1
"('project', 'cdc')",1
"('look', 'asap')",1
"('local', 'computer')",1
"('comunicate', 'domain')",1
"('kindly', 'enable')",4
"('application', 'remotely')",1
"('home', 'drive')",1
"('block', 'social')",1
"('link', 'outage')",2
"('startup', 'authentication')",1
"('citirx', 'ip')",1
"('reachable', 'wthdcbcebl')",1
"('office', 'product')",4
"('standby', 'laptop')",1
"('address', 'cce')",1
"('laptop', 'keypad')",2
"('expiration', 'reminder')",1
"('khobarsccmdp', 'vice')",1
"('pad', 'not')",2
"('fw', 'takeda')",1
"('upgrade', 'limitation')",1
"('route', 'correct')",1
"('odc', 'sjp')",1
"('work', 'internet')",3
"('enable', 'bit')",1
"('add', 'taca')",1
"('pm', 'checklist')",16
"('testing', 'brazil')",1
"('mcafee', 'byod')",1
"('internet', 'speed')",1
"('nd', 'mail')",1
"('addition', 'tacac')",1
"('failover', 'test')",1
"('display', 'current')",1
"('audio', 'video')",1
"('client', 'application')",1
"('try', 'follow')",1
"('odc', 'citi')",1
"('issue', 'otp')",2
"('ckts', 'ip')",1
"('ms', 'project')",10
"('provide', 'ip')",1
"('port', 'novatis')",1
"('laptop', 'keyboard')",3
"('fw', 'spam')",1
"('cash', 'claim')",1
"('softvoip', 'laptop')",1
"('laptop', 'get')",2
"('recovery', 'safeboot')",1
"('vpn', 'ps')",1
"('ii', 'rack')",2
"('segment', 'chochiec')",1
"('andheri', 'secondary')",1
"('pstn', 'voip')",1
"('switch', 'coimbatore')",1
"('laptop', 'return')",2
"('allow', 'ec')",1
"('user', 'request')",1
"('issue', 'lm')",1
"('card', 'issue')",4
"('need', 'bit')",1
"('stand', 'extended')",1
"('kochi', 'primary')",1
"('jjacob', 'password')",1
"('target', 'ip')",1
"('fsham', 'password')",1
"('multiple', 'remote')",2
"('degradation', 'outlook')",1
"('user', 'wipro')",2
"('enable', 'capture')",1
"('lock', 'behalf')",1
"('federation', 'acccess')",1
"('scope', 'dhcp')",1
"('issue', 'samt')",1
"('aberdeen', 'not')",1
"('dilip', 'retrieve')",1
"('function', 'work')",1
"('prepare', 'share')",1
"('impacting', 'event')",2
"('user', 'sit')",1
"('laptop', 'overheating')",1
"('calender', 'meeting')",1
"('dsachid', 'office')",1
"('sap', 'correct')",1
"('ip', 'location')",3
"('gts', 'indiadomestic')",1
"('tp', 'migration')",1
"('replace', 'asap')",1
"('request', 'ip')",1
"('myapp', 'access')",1
"('behalf', 'user')",6
"('address', 'vlan')",1
"('model', 'typeswciscoios')",1
"('agent', 'lose')",1
"('issue', 'voip')",1
"('behlaf', 'userremoh')",1
"('gateway', 'service')",1
"('server', 'cdc')",2
"('kodak', 'odc')",1
"('laptop', 'hard')",1
"('issue', 'find')",1
"('share', 'citi')",1
"('icmp', 'access')",1
"('dedicate', 'bandwidth')",1
"('gnoc', 'look')",3
"('work', 'personal')",1
"('not', 'related')",1
"('newly', 'instal')",1
"('load', 'correctly')",1
"('monitor', 'tool')",1
"('behlaf', 'usersh')",1
"('proxy', 'bypassing')",1
"('alarm', 'clear')",1
"('user', 'priority')",1
"('engineer', 'change')",1
"('fw', 'incident')",2
"('ticket', 'noc')",1
"('kdc', 'outlook')",1
"('odc', 'firewall')",1
"('st', 'network')",1
"('datum', 'backup')",3
"('help', 'priority')",1
"('meeting', 'not')",1
"('segment', 'sa')",1
"('laptop', 'password')",1
"('extended', 'monitor')",2
"('priority', 'work')",1
"('revert', 'ft')",2
"('share', 'ch')",16
"('laptop', 'login')",7
"('card', 'problem')",1
"('number', 'need')",1
"('activate', 'win')",1
"('ip', 'ping')",1
"('domaincreat', 'user')",1
"('isue', 'odc')",1
"('lync', 'enable')",1
"('bw', 'utilization')",5
"('creditsuisse', 'not')",1
"('log', 'assetecscsecl')",2
"('failover', 'testing')",3
"('will', 'will')",1
"('internet', 'traffic')",2
"('device', 'kindly')",1
"('lock', 'voicemail')",1
"('odc', 'kindly')",1
"('goodall', 'peel')",1
"('backbone', 'segment')",1
"('wtsjpior', 'bgp')",1
"('sondhi', 'mywipro')",1
"('ordinate', 'user')",1
"('levis', 'shanghai')",1
"('slowness', 'onsite')",1
"('citi', 'device')",1
"('user', 'want')",2
"('drive', 'not')",1
"('exchange', 'port')",1
"('network', 'not')",2
"('pst', 'folder')",1
"('access', 'wipro')",3
"('would', 'mismatch')",1
"('requirement', 'ne')",2
"('latency', 'high')",1
"('kodak', 'application')",1
"('ectfb', 'wing')",1
"('november', 'need')",1
"('andor', 'external')",1
"('clear', 'sjpsfaw')",1
"('dchauhan', 'da')",1
"('frquent', 'account')",1
"('ltsb', 'network')",1
"('remote', 'destination')",2
"('sccmhdc', 'location')",1
"('give', 'hard')",1
"('log', 'check')",1
"('access', 'port')",1
"('hardware', 'problem')",6
"('ie', 'loop')",1
"('server', 'appear')",1
"('vlan', 'storage')",1
"('odc', 'extension')",1
"('ip', 'not')",4
"('dlo', 'error')",1
"('dr', 'plan')",1
"('debopam', 'chakraborty')",1
"('get', 'frequent')",1
"('lm', 'user')",1
"('need', 'target')",1
"('ku', 'password')",1
"('base', 'server')",1
"('handle', 'suprta')",1
"('hdc', 'switch')",1
"('reserve', 'not')",1
"('task', 'list')",1
"('ping', 'bytes')",1
"('desk', 'phone')",1
"('include', 'webmail')",1
"('epsilon', 'exchange')",1
"('action', 'client')",1
"('regard', 'manjula')",1
"('not', 'check')",1
"('bw', 'source')",2
"('kindly', 'asset')",1
"('cm', 'raise')",1
"('client', 'host')",1
"('debug', 'list')",1
"('melbourne', 'origin')",1
"('resolve', 'symantec')",1
"('port', 'enable')",3
"('external', 'request')",1
"('night', 'include')",1
"('crenditial', 'wifi')",1
"('check', 'update')",3
"('tacacs', 'testing')",1
"('port', 'vlan')",2
"('corporate', 'network')",2
"('user', 'vi')",1
"('replacement', 'request')",2
"('issue', 'webmail')",1
"('dashboard', 'feb')",1
"('speed', 'low')",1
"('update', 'vpn')",1
"('ts', 'destination')",1
"('ne', 'add')",5
"('look', 'issue')",2
"('pritech', 'park')",1
"('traffic', 'shift')",3
"('check', 'mention')",1
"('travel', 'class')",1
"('replace', 'hdd')",1
"('connect', 'authcode')",1
"('hdc', 'device')",1
"('disk', 'space')",10
"('network', 'issue')",4
"('class', 'eplus')",1
"('user', 'face')",6
"('atlanda', 'location')",1
"('not', 'reflect')",1
"('laptop', 'configurtaion')",1
"('error', 'screen')",1
"('battery', 'issue')",3
"('need', 'update')",2
"('name', 'bandwidth')",1
"('reverse', 'route')",2
"('work', 'office')",1
"('lose', 'wipro')",1
"('buy', 'new')",1
"('outlook', 'rule')",2
"('stop', 'work')",2
"('user', 'fanc')",1
"('need', 'sap')",1
"('circuit', '-PRON-')",4
"('fs', 'file')",1
"('desktop', 'crash')",1
"('drive', 'spaceonly')",2
"('virtual', 'machine')",1
"('macfee', 'issue')",1
"('address', 'exaclty')",1
"('lync', 'external')",1
"('fw', 'confirmation')",1
"('access', 'technicolorcom')",5
"('firewal', 'connect')",1
"('file', 'unresponsive')",1
"('login', 'window')",1
"('raipur', 'single')",1
"('month', 'kindly')",1
"('give', 'system')",1
"('user', 'update')",2
"('important', 'practice')",1
"('dhcp', 'pool')",1
"('voice', 'vlan')",2
"('password', 'wile')",1
"('port', 'number')",1
"('irmc', 'approval')",2
"('class', 'bandwidth')",1
"('webe', 'hyper')",1
"('vlan', 'mention')",1
"('not', 'boot')",6
"('towrd', 'port')",1
"('ticket', 'allocate')",1
"('regard', 'mandar')",1
"('printer', 'mac')",1
"('observed', 'wipro')",2
"('internet', 'user')",2
"('port', 'ehealth')",1
"('issue', 'un')",1
"('wipro', 'portal')",2
"('disk', 'issue')",1
"('error', 'logging')",1
"('folder', 'outlook')",1
"('brazil', 'cutiba')",1
"('need', 'tranfer')",1
"('behalf', 'useragoyal')",1
"('device', 'detail')",2
"('cpu', 'utilization')",7
"('issue', 'sendreceive')",1
"('assist', 'employee')",2
"('client', 'latop')",1
"('available', 'till')",1
"('charger', 'need')",1
"('process', 'immediatly')",1
"('user', 'reset')",46
"('network', 'adapter')",1
"('location', 'usa')",1
"('not', 'access')",2
"('face', 'network')",3
"('change', 'voice')",1
"('outlook', 'issue')",7
"('configuration', 'softvoip')",1
"('access', 'renne')",1
"('facebook', 'youtube')",1
"('share', 'monthly')",1
"('domain', 'properly')",1
"('reachable', 'check')",1
"('get', 'loop')",1
"('able', 'rdp')",2
"('boot', 'standby')",1
"('poc', 'source')",1
"('psp', 'sap')",1
"('guest', 'internet')",1
"('version', 'update')",2
"('itms', 'issue')",7
"('test', 'mg')",1
"('attach', 'alert')",1
"('would', 'verizon')",1
"('segment', 'validation')",1
"('secondary', 'link')",4
"('environment', 'production')",1
"('toshibha', 'odc')",1
"('device', 'peer')",1
"('hdctclsh', 'run')",1
"('cpu', 'alert')",3
"('event', 'link')",1
"('port', 'block')",1
"('new', 'mb')",1
"('agent', 'blocking')",1
"('enable', 'start')",1
"('wing', 'odc')",1
"('ie', 'application')",1
"('mac', 'os')",1
"('switch', 'not')",2
"('teamuser', 'able')",1
"('check', 'needful')",4
"('project', 'user')",1
"('kindly', 'block')",1
"('require', 'irmc')",1
"('traffic', 'shifting')",1
"('address', 'physical')",1
"('emc', 'bandwidth')",1
"('att', 'hub')",1
"('configure', 'snmp')",2
"('ki', 'pw')",1
"('connectivity', 'destination')",1
"('not', 'close')",1
"('add', 'folder')",1
"('emcsjp', 'reliance')",1
"('mother', 'baord')",1
"('able', 'comunicate')",1
"('lync', 'installation')",5
"('office', 'mbps')",1
"('claim', 'saudi')",1
"('helpdesk', 'cclg')",1
"('account', 'lockout')",46
"('pls', 'reserve')",1
"('issue', 'need')",1
"('care', 'attach')",1
"('street', 'switch')",1
"('need', 'device')",2
"('locate', 'ip')",1
"('location', 'checking')",1
"('user', 'passcodeuser')",1
"('khobar', 'jeddah')",1
"('gsmc', 'go')",1
"('incident', '-PRON-')",1
"('internet', 'intranet')",1
"('address', 'confirm')",1
"('migrate', 'facing')",1
"('issue', 'sound')",1
"('laptop', 'heat')",1
"('backbone', 'server')",1
"('reach', 'mention')",1
"('shanghai', 'odc')",1
"('client', 'site')",1
"('wipro', 'network')",2
"('citi', 'policy')",1
"('unable', 'install')",1
"('bbdec', 'ip')",1
"('hostname', 'mbam')",1
"('webcast', 'trouble')",1
"('bb', 'slowness')",1
"('virus', 'issue')",2
"('card', 'installation')",3
"('ist', 'th')",1
"('add', 'will')",1
"('ou', 'min')",1
"('firewall', 'deny')",5
"('qr', 'nw')",1
"('lync', 'request')",1
"('map', 'ip')",1
"('problem', 'blue')",1
"('schwab', 'odc')",11
"('segment', 'require')",1
"('share', 'link')",1
"('ec', 'cafeteria')",1
"('need', 'remove')",1
"('port', 'order')",1
"('citi', 'utilization')",1
"('laptop', 'adid')",1
"('user', 'close')",1
"('mb', 'bandwidth')",2
"('devv', 'password')",1
"('issue', 'outlook')",2
"('number', '-PRON-')",1
"('increase', 'bw')",1
"('riyadh', 'khobar')",1
"('hard', 'drive')",2
"('project', 'require')",1
"('mississauga', 'office')",2
"('office', 'installation')",4
"('user', 'symentec')",1
"('installation', 'backup')",1
"('medium', 'site')",1
"('latency', 'yvw')",1
"('configured', 'inn')",5
"('nj', 'tp')",1
"('troubleshoot', 'symantec')",7
"('customer', 'vpn')",1
"('bother', 'come')",1
"('service', 'not')",1
"('go', 'new')",1
"('port', 'tcp')",2
"('run', 'slow')",1
"('extension', 'sjp')",1
"('pdc', 'location')",1
"('require', 'port')",2
"('link', 'not')",3
"('sap', 'po')",1
"('explorer', 'browser')",1
"('symentic', 'problem')",1
"('odc', 'week')",1
"('bind', 'sjp')",2
"('change', 'password')",3
"('block', 'activity')",1
"('wifi', 'issue')",1
"('newly', 'create')",1
"('room', 'access')",1
"('classification', 'change')",1
"('access', 'issue')",22
"('work', 'monday')",1
"('source', 'destination')",1
"('configure', 'laptop')",1
"('foglight', 'alarm')",1
"('not', 'connect')",6
"('get', 'error')",1
"('work', 'password')",2
"('li', 'password')",1
"('would', 'ou')",1
"('get', 'blue')",1
"('feequent', 'account')",1
"('shaping', 'issue')",2
"('guest', 'wifi')",1
"('ehealth', 'portal')",1
"('merck', 'odc')",1
"('shiwcth', 'ip')",1
"('client', 'meeting')",1
"('coe', 'system')",1
"('port', 'wtitms')",1
"('mac', 'binding')",5
"('reconnect', 'issue')",1
"('relate', 'isd')",1
"('generate', 'user')",1
"('bhdc', 'location')",1
"('january', 'month')",1
"('user', 'schemb')",1
"('link', 'stable')",1
"('log', 'ticket')",2
"('ft', 'detail')",2
"('new', 'link')",1
"('device', 'intermittently')",1
"('port', 'need')",75
"('vpn', '-PRON-')",1
"('hub', 'router')",1
"('otp', 'request')",1
"('static', 'route')",2
"('would', 'host')",2
"('allocate', 'ip')",1
"('physical', 'location')",1
"('utilization', 'ckt')",1
"('work', 'kindly')",2
"('raise', 'request')",1
"('perform', 'activity')",1
"('origin', 'proxy')",1
"('ticket', 'connect')",1
"('gbakshi', 'password')",1
"('internet', 'connectivity')",3
"('reflect', 'psp')",1
"('access', 'give')",1
"('create', 'pst')",1
"('sap', 'software')",1
"('fanc', 'outlook')",1
"('user', 'need')",2
"('share', 'run')",1
"('connect', 'vpn')",3
"('work', 'check')",2
"('meter', 'class')",1
"('internet', 'firewall')",1
"('pass', 'system')",1
"('doj', 'psp')",1
"('help', 'att')",1
"('file', 'ask')",1
"('access', 'virtual')",1
"('coverted', 'office')",1
"('plan', 'wt')",1
"('germany', 'odc')",1
"('cmr', 'impelematation')",1
"('know', 'connect')",1
"('wipro', 'device')",1
"('kvadipassword', 'issue')",1
"('reservation', 'printer')",1
"('mouse', 'problem')",1
"('come', 'escalate')",1
"('reboot', 'ectfbcl')",1
"('support', 'instal')",1
"('gakulka', 'vpn')",1
"('issue', 'trace')",1
"('backup', 'client')",1
"('work', 'asset')",1
"('enhance', 'end')",1
"('connectivity', 'issue')",8
"('rdp', 'access')",1
"('kindly', 'release')",1
"('account', 'unlock')",2
"('request', 'change')",1
"('kindly', 'config')",4
"('proceed', 'analysis')",2
"('support', 'wipro')",1
"('october', 'need')",3
"('kdc', 'odc')",1
"('get', 'new')",2
"('public', 'network')",1
"('domain', 'electroluxcom')",1
"('raise', 'service')",1
"('behalf', 'userramcs')",1
"('network', 'super')",2
"('laptop', 'not')",17
"('lap', 'configuration')",1
"('vlan', 'port')",2
"('ec', 'apm')",1
"('ms', 'visio')",2
"('laptop', 'charger')",5
"('lync', 'connectivity')",1
"('td', 'tp')",1
"('trail', 'levis')",1
"('port', 'follow')",1
"('new', 'project')",1
"('bayer', 'odc')",1
"('unable', 'login')",2
"('cvs', 'proxy')",1
"('request', 'facetime')",1
"('hardware', 'issue')",7
"('harden', 'server')",1
"('server', 'access')",2
"('high', 'utilization')",1
"('nat', 'ip')",2
"('user', 'get')",2
"('vpn', 'issue')",2
"('not', 'update')",1
"('log', 'network')",1
"('manager', 'samuel')",1
"('communication', 'room')",1
"('vasanth', 'helpdesk')",1
"('network', 'slownesswe')",1
"('local', 'account')",10
"('datum', 'process')",1
"('bandwidth', 'wipro')",1
"('lcd', 'battery')",1
"('hrs', 'bother')",1
"('reset', 'ad')",2
"('wipro', 'error')",1
"('machine', 'window')",1
"('need', 'configure')",70
"('wipro', 'sap')",2
"('dmz', 'ip')",1
"('alert', 'find')",1
"('account', 'issue')",1
"('laptop', 'image')",1
"('wifi', 'ap')",2
"('would', 'cnm')",1
"('faulty', 'monitor')",1
"('contact', 'mail')",1
"('activity', 'public')",1
"('device', 'syslog')",1
"('ps', 'report')",2
"('user', 'hostname')",1
"('macafee', 'not')",1
"('fyi', 'wtcdcbra')",1
"('ec', 'ps')",2
"('kindly', 'provide')",9
"('close', 'ticket')",1
"('client', 'need')",1
"('odc', 'new')",1
"('nw', 'utilization')",1
"('ecube', 'relate')",6
"('ec', 'project')",2
"('kunalkh', 'outlook')",1
"('enable', '-PRON-')",1
"('kpassword', 'issue')",1
"('software', 'share')",2
"('not', 'ping')",4
"('multiple', 'device')",2
"('browser', 'issue')",3
"('week', 'asap')",1
"('repeatedly', 'screen')",1
"('join', 'webe')",1
"('proxy', 'issue')",3
"('ectmsrcl', 'snmp')",1
"('would', 'loop')",1
"('behalf', 'userab')",1
"('lync', 'problem')",1
"('bandwidth', 'allocation')",1
"('intranet', 'site')",1
"('issue', 'enter')",1
"('tape', 'frpm')",1
"('config', 'office')",1
"('ap', 'configuration')",1
"('eosl', 'activity')",1
"('office', 'professional')",1
"('pstn', 'access')",3
"('satyaprakash', 'wipro')",1
"('un', 'install')",1
"('not', 'get')",5
"('share', 'mail')",1
"('user', 'frequent')",1
"('access', 'ec')",2
"('ie', 'not')",2
"('device', 'alert')",1
"('correct', 'mention')",1
"('laptop', 'allocation')",2
"('user', 'configure')",6
"('jc', 'penney')",1
"('time', 'boot')",1
"('device', 'mdc')",1
"('mac', 'ceeb')",1
"('backup', 'nortel')",1
"('yser', 'user')",1
"('ectgacl', 'network')",1
"('wifi', 'antivirus')",1
"('dl', 'not')",1
"('networkso', 'irmc')",2
"('vlan', 'switch')",68
"('work', 'regard')",1
"('detail', 'mention')",1
"('upgrade', 'radio')",1
"('purchase', 'order')",1
"('belong', 'mqlean')",1
"('not', 'contact')",2
"('user', 'machine')",1
"('wipro', 'issue')",9
"('encapsulation', 'dotq')",1
"('mkumarpassword', 'issue')",1
"('laptop', 'request')",6
"('keyboard', 'need')",1
"('attached', 'mail')",1
"('enable', 'tcp')",1
"('asset', 'nol')",3
"('ms', 'projecct')",2
"('need', 'attention')",1
"('release', 'confirm')",1
"('ps', 'mb')",1
"('port', 'destination')",1
"('connection', 'blacklist')",1
"('issue', 'reset')",1
"('address', 'mac')",2
"('asset', 'pdc')",1
"('itms', 'not')",1
"('address', 'fd')",1
"('server', 'ip')",1
"('domain', 'name')",2
"('file', 'server')",1
"('laptop', 'rectify')",1
"('detail', 'require')",2
"('install', 'java')",1
"('destination', 'contain')",1
"('detail', 'connect')",1
"('login', 'ne')",1
"('nap', 'disable')",1
"('xsbcdabrvcmq', 'message')",1
"('ad', 'account')",1
"('install', 'vpn')",1
"('create', 'mb')",1
"('vi', 'contact')",1
"('high', 'vrf')",1
"('onle', 'tmss')",1
"('mail', 'deliver')",1
"('screen', 'pl')",1
"('jo', 'direct')",1
"('window', 'not')",1
"('rdp', 'mention')",2
"('reach', 'number')",1
"('right', 'vpn')",1
"('enable', 'network')",1
"('charger', 'get')",1
"('mar', 'not')",1
"('nmg', 'location')",1
"('send', 'log')",1
"('internet', 'connection')",1
"('quality', 'tunnel')",1
"('business', 'impacting')",2
"('usage', 'utlization')",1
"('irc', 'connection')",2
"('check', 'immediately')",1
"('mywipro', 'could')",1
"('contact', 'number')",60
"('fan', 'error')",1
"('confirmation', 'appraisal')",1
"('antivirus', 'issue')",1
"('link', 'issue')",2
"('control', 'noc')",1
"('backup', 'switch')",1
"('imguser', 'not')",1
"('adminstator', 'password')",1
"('permission', 'modify')",1
"('enable', 'work')",1
"('mail', 'box')",4
"('lokcer', 'encryption')",1
"('reach', 'reach')",1
"('citrix', 'isa')",1
"('ip', 'citi')",1
"('transfer', 'voilat')",1
"('active', 'sink')",1
"('outlook', 'not')",2
"('update', 'wifi')",1
"('window', 'can')",1
"('video', 'poc')",1
"('active', 'nw')",3
"('activate', 'ms')",21
"('assist', 'not')",1
"('lose', 'shanghai')",1
"('user', 'idcrp')",1
"('issue', 'happen')",1
"('safeboot', 'try')",1
"('work', 'citi')",1
"('heat', 'issue')",1
"('account', 'removal')",1
"('mac', 'bind')",6
"('admin', 'right')",4
"('idle', 'lasterror')",1
"('blackberry', 'outlook')",1
"('pl', 'share')",1
"('change', 'location')",1
"('january', 'email')",1
"('mbps', 'rename')",1
"('card', 'instllation')",1
"('borad', 'issue')",1
"('floorb', 'wing')",1
"('not', 'resolve')",1
"('lock', 'frequently')",1
"('accessible', 'cdc')",1
"('detail', 'request')",1
"('odc', 'pdc')",1
"('block', 'do')",1
"('mailbox', 'migrate')",1
"('apply', 'laptop')",1
"('need', 'base')",1
"('alarm', 'occur')",2
"('dl', 'member')",1
"('blue', 'coat')",1
"('byod', 'problem')",1
"('would', 'expire')",1
"('raise', 'tt')",1
"('local', 'img')",1
"('console', 'michelin')",1
"('keyboard', 'not')",3
"('th', 'november')",1
"('da', 'not')",8
"('want', 'access')",2
"('ticket', '-PRON-')",1
"('approval', 'attach')",2
"('segment', 'coop')",1
"('hdc', 'apple')",1
"('host', 'router')",1
"('daily', 'utilization')",1
"('multicase', 'not')",2
"('lodin', 'error')",1
"('share', 'bandwidth')",4
"('event', 'primary')",1
"('prod', 'server')",1
"('share', 'utilization')",3
"('kindly', 'find')",2
"('user', 'count')",1
"('like', 'enable')",1
"('kindly', 'free')",1
"('mother', 'borad')",1
"('ip', 'mac')",2
"('router', 'inwilahydr')",1
"('access', 'request')",1
"('config', 'laptop')",4
"('network', 'connectivity')",1
"('notification', 'new')",1
"('reachable', 'wtusrwcior')",1
"('rename', 'new')",1
"('interface', 'description')",1
"('shaper', 'class')",1
"('crosslink', 'not')",1
"('setup', 'outlook')",1
"('power', 'supply')",1
"('change', 'vtp')",1
"('old', 'anti')",1
