Index,Words
1205,bag
4204,auuid
1020,lahjdbbp
4116,africaagile
3995,pvcs
1209,min
4167,vasmbr
1083,laserjet
1017,gwp
1897,bacup
2154,sps
3704,odi
3471,taxrate
2132,tcs
1728,charlies
3138,dba
2808,ktcsdbdvsql
1193,phones
376,discrepancy
2450,dimension
34,monitor
1714,topyx
1410,cleared
1774,conection
4071,httplogs
3413,sharma
3620,framework
388,frozen
975,ssl
2900,affected
3726,ebsps
2569,exist
1519,bar
3588,debug
727,changestore
3387,chaturvedi
1341,shutting
4121,nikira
1653,exceptions
956,adjustment
48,calculate
2108,laepppvp
755,going
1042,incoming
273,return
3236,medina
1694,digit
3209,notice
1329,ecppi
1398,stub
1288,fourstar
3634,carreon
2800,abruptly
2179,smith
1172,vocllect
160,nsmurl
2598,connectin
2723,later
2966,ktywhtc
314,checking
4206,itmoffline
2674,lamsdcbp
1170,paramount
3525,stored
1206,trash
2703,belong
124,final
2511,nunez
1557,scanned
3878,bidwdev
3781,bounce
1441,fecfaa
500,laeptnbp
1577,edits
61,host
408,scanning
525,detached
4224,tboavaya
1096,vacation
2310,unabel
2035,gaurav
180,pro
1760,hotline
3520,michaelk
918,castc
997,apc
1,stuck
2884,kind
2904,ios
35,reading
1595,downpower
2863,uploader
1952,reinstalled
117,doesnt
817,deposit
3876,ebsuat
4042,ict
2357,acrobat
3284,richard
1996,nvsxs
929,azsrg
2694,regster
3738,gemini
424,internet
3772,acceso
2279,snap
1523,deliver
103,queue
128,coming
387,taking
2138,shoiwng
174,listener
1981,header
3336,debitcredit
3122,rios
1355,emv
1358,reload
1584,wiring
3316,hardik
2810,ended
2257,pinpd
4011,dbfs
2841,dattatray
175,old
1914,requet
1233,passworf
3020,configured
3924,accordingly
2597,apple
21,abnormally
590,retrieve
2770,selvaraj
2246,chan
3591,processor
2859,pallav
427,gift
3827,oem
3600,carrillo
1148,hhs
2565,regi
4237,ramla
1668,join
936,edi
1522,lamgfxmp
1087,passoword
459,pad
3842,whq
3136,pilot
2688,fecffb
496,registers
1073,microphones
4169,containing
3993,fact
3414,enhancement
913,closing
2539,miss
70,document
1993,errpr
2062,feeder
1923,pens
1357,non
3922,unwanted
2455,fell
1741,requesrt
1381,greater
1386,sites
384,xps
1319,extension
2344,validating
529,hire
3265,reopened
750,ciar
3444,tagging
3099,satadipa
559,onboarding
1246,loosing
613,username
1448,clerk
3431,alejandra
2587,prices
2629,maria
2169,february
1047,failures
342,low
3050,posexe
2814,laecscsp
1048,nodes
4248,hrsmins
329,review
1751,cracked
283,days
2813,laecdbpd
2505,gateway
3258,lenovo
4198,sasdata
1028,transaction
2717,month
1666,invoice
3667,expansion
1204,hall
4213,apppromos
4279,backupbkps
757,rename
716,battery
1284,mssqldiff
1379,nightly
1002,wall
2273,recognize
3404,loa
3218,happening
1301,previous
4123,tbocmscrm
4212,citrixauuid
2274,seding
3324,separations
569,backroom
281,wrong
1108,reachable
578,nvr
1019,sapwpdown
4155,taddm
2766,hcm
111,post
250,form
345,case
2939,loads
238,removed
1640,pull
966,quantities
2864,devhd
297,requests
612,operating
495,stores
311,didnt
2127,located
1452,expiration
4159,tbofilenet
3091,suraj
161,batches
3309,passing
3270,hels
115,box
658,employees
3302,giftcard
4286,cognos
3669,soxaudit
2031,waiting
4030,mla
2276,ensurance
747,loose
1254,focused
1934,utilized
1255,parking
3696,maximo
2957,replacing
181,hpcom
3992,wferror
1303,bad
3356,include
2470,requst
648,hanging
2291,wells
3572,kindly
3417,ldap
3832,rman
1610,antenna
1565,longitude
717,motorola
3486,hill
3100,disaster
2727,eccp
3549,julio
1818,cord
3018,mulitple
714,totals
960,mood
2619,bip
1552,wants
3206,calloff
4208,bussfiles
3863,crib
1590,heat
3931,cloning
2428,christmas
3032,releasing
879,folder
3517,reservation
3425,subsequent
4240,deadlock
1693,creates
3348,snipping
3650,mickey
620,end
1656,trends
3051,understand
1150,tablet
4179,maxit
3974,reduce
859,node
3329,step
3868,partition
2738,rfguns
264,primary
3131,development
1704,lap
3899,tcmp
236,setup
3001,barcode
3253,overstock
1945,transports
1388,discounts
1685,volume
2748,radios
4255,inhouse
4132,ssf
2553,completing
2453,labellogs
1422,lasadbpd
570,camera
2216,format
445,ktadfsvp
18,occurrence
2055,ids
1551,activated
3319,lacuscnncr
1603,cbdafc
2819,based
522,puches
42,list
375,center
843,sticker
239,investigate
952,gone
939,rti
1225,replacment
3248,pears
4034,persent
3577,xlsx
758,pdf
1965,marquez
839,rwquest
3513,variance
3904,proxy
2720,priniting
2647,acocunt
276,new
1571,speed
1548,went
1196,computers
1827,perez
1216,online
2078,samdisk
216,site
280,project
1682,rotation
4243,dbtempnew
215,customer
390,utilization
1330,sapccmxdown
3713,statement
681,machine
3298,mixmatch
1187,sender
4258,bulkload
305,java
1181,partner
3930,punchout
985,extend
2780,truong
88,help
2586,bwposdm
3196,soto
2275,busines
2736,vision
3139,openclose
3391,guide
1490,press
677,scan
3936,oidprd
3459,flores
411,toner
4233,rdmiscisi
3746,reportes
3058,vlan
3785,erroring
1447,upside
1056,badge
2172,jason
3683,industries
995,mail
519,david
1231,journals
3809,index
1258,risk
2809,pinpa
3454,migrated
2348,inserv
820,nuys
2951,associates
3072,gina
3350,unplug
1469,kannan
2070,pole
224,records
2562,michrophone
870,sato
3871,fin
4160,alertgroup
2868,cut
3499,lisa
3283,garima
2126,null
1976,mics
1235,reader
177,occurred
2222,benefits
2733,accu
4154,bba
251,cross
2811,clossing
2121,reclaim
3886,syntst
2645,identified
3130,module
3851,moreapps
581,database
4215,webseallogs
2937,season
348,uploading
3721,expense
508,sqldm
4290,datanet
3684,approver
2760,acs
4275,netcool
2377,read
1001,cables
166,doc
1497,fonts
4115,tri
2439,chandler
3215,omprakash
1841,sourabh
882,modem
1480,sets
454,scale
1712,ironwood
3691,capability
2574,crv
802,laud
884,restore
90,prism
782,accepting
2873,adjusted
3402,submitting
4027,gridhome
3416,dist
2614,patil
1332,laepnwpp
4278,prodprom
337,create
2482,lan
915,router
1268,upcs
374,super
4026,zambia
4114,impacting
1072,pushed
205,errors
1200,calibrated
1943,vantiv
3575,maribel
84,region
883,editstafw
1222,recover
3998,instability
488,shift
2543,lamsscvp
2627,pinpan
2953,automatic
539,windows
4283,nln
4242,connexion
887,eee
2481,fresh
338,complete
66,url
302,washington
631,closeout
2950,approving
3219,poll
741,talent
538,coaching
751,cell
3104,ktepgwvq
1683,unbale
2281,forklift
1687,tools
3503,hub
549,trace
503,dev
265,bulk
2290,fargo
4045,itm
1878,appointment
1674,frozenpin
64,remote
142,receive
3488,hierarchy
218,external
1159,entire
2788,scrapping
3409,sox
627,activate
2489,west
407,item
1331,sapecpdown
2084,lilhare
3081,tdrive
2967,pumpkin
724,txsrg
1492,ecp
1813,attachments
2924,raymond
3861,linux
582,failure
2308,avalanche
2130,ktmscspd
1397,shipped
1421,trial
2189,uploaded
162,cannot
1046,lasynbpp
3132,zpuro
2187,ktmsomvp
1297,pinapd
4077,yatosha
586,dsd
3313,easy
2575,eduardo
1789,hiring
3484,revoke
3330,mapped
1328,recieve
1317,acccuterm
2411,dab
4025,tboipacs
3614,dufort
1040,tls
3470,hana
1517,ring
3113,assist
1377,pinging
8,server
3571,american
528,reimage
1481,ktmqapvd
4102,symantec
2889,friday
1177,throught
810,snead
1575,diaz
2959,monica
1806,updates
4262,uni
3514,remediation
921,disabled
4,content
2872,unlocke
2759,pressed
2926,fluctuating
3320,stale
1864,onbording
596,course
2014,bargain
509,table
97,totally
2198,restroom
3408,interim
1688,micro
1570,falling
2971,issueothers
198,delay
501,address
1920,icon
1723,isnot
2433,shashank
1118,tampered
434,vmbackupnew
1567,common
4151,fru
3989,hugepages
403,pos
3280,dip
1809,bajaj
2346,nic
2201,ssis
3412,nikhila
1069,ktecdbqaecq
1223,generic
534,miguel
885,receipts
3968,whqntdev
3961,shell
1922,reschedule
1702,deleted
2267,liquip
2712,missed
3335,late
458,day
629,pop
1579,taken
3240,resources
4234,dbindex
3707,mft
1589,negative
792,cartridges
2131,labellog
3985,older
3967,rochester
2696,ventura
1837,committed
3161,sus
4244,iat
2107,payrolle
2431,choudhary
423,validation
2190,trans
1305,eps
1890,blueberry
3155,miller
1626,guillermo
1680,dock
3321,epm
2984,whats
699,noise
163,etma
1553,facility
4277,tbopacs
53,number
3590,marcus
1737,teodocio
3429,itamarp
3243,cage
1430,arent
3919,interfaces
4003,tbounica
3437,luns
920,started
2941,onlycom
2125,comm
3279,cam
272,extract
1588,balance
2515,logs
2418,victor
1058,install
3855,ebsi
1138,zebra
1405,successful
2192,acct
10,refresh
1015,epayments
1364,charge
580,signal
899,att
226,cant
2566,progress
3347,margin
4117,dcsarchng
3093,jay
3481,dump
2280,copier
3107,controller
137,updated
2537,huge
2529,big
1464,dtrickle
482,memory
3610,filled
431,ncr
2006,shortcut
1142,fecfa
1840,oza
3705,requisition
267,set
3548,mount
59,closed
4127,syslog
4112,ark
1542,disable
4216,cyberark
83,needs
3140,laadscvpold
687,lamspsvp
312,week
770,recall
4076,waslogs
2074,kteppitd
2894,dabdff
3194,procedures
1881,karen
564,dispatch
1064,sound
3715,suppliers
3434,blakely
4195,techostname
420,daily
87,unable
491,hsir
3291,permanent
1353,camino
2857,laxman
723,txsbw
854,glenn
1989,accept
3168,reynolds
417,network
1766,package
812,mistake
838,resrt
186,come
2589,handbook
456,got
1470,bagath
3426,wksim
3479,srimugi
2836,netopia
2663,bps
1155,abhijeet
3443,fixes
2998,registered
3056,logged
3913,inode
2983,labeldata
1327,temporary
2786,dove
2666,wholesale
2491,talen
3725,biprod
4060,tbocdra
3680,cleanup
1372,unusual
834,logic
2446,apps
2679,employer
1270,clocks
1907,touchscreen
3170,trejo
3582,proposed
1336,scans
3734,stat
1839,focus
3902,dec
4274,ddms
4180,blade
2490,equipment
857,casxs
2847,martinez
192,deploy
4101,tbokyc
775,instance
1910,copy
143,orders
3118,brooken
125,moved
3813,patches
3546,hart
3235,property
3692,steps
3506,jim
3764,fnd
2802,stack
3569,rohit
29,processing
2919,spectrum
1282,terminate
406,asm
2978,storeneed
1123,section
4250,ntp
1980,tapes
2791,monday
4246,tricon
587,incorrectly
1391,operator
3060,guzman
2203,refound
2999,blurryout
1753,apache
584,permission
2345,tip
2538,fallen
1866,trailer
4273,dsk
2550,yes
3036,slauson
1068,ecq
2812,aae
1991,laepdbpp
2456,switched
3268,gets
731,noises
2333,piq
3126,bill
3754,boa
4230,crc
935,logical
432,scanner
2972,countries
1217,fecff
3493,miguelj
2282,packed
4084,mediation
4103,pct
1285,security
2883,cifsvol
1780,kthjdbbp
3424,xml
3751,vigilan
3908,reads
1516,sharepoint
2249,shared
4199,tdcitrix
382,express
2798,quality
3011,sla
1609,regional
3460,browning
484,locked
1856,tickets
625,gun
1026,removal
1558,couple
3565,veritas
1175,separation
3604,tranx
3246,modified
2118,lamqappd
81,workflow
1124,sim
1964,aging
941,home
321,returning
3042,flowers
2708,properties
649,wire
2349,par
4147,backupdisk
2742,displayed
341,disk
2532,click
377,accessible
2350,incp
481,latmdbpd
1078,installer
3394,sibuyerin
3736,ebsu
3854,grn
1488,jessie
1784,picture
2784,electroni
1739,respodning
2167,classified
1628,nirmal
4263,rcms
3159,reorder
1450,dark
3964,proddwdata
133,store
1979,seconds
172,critical
2263,payable
1867,milk
82,changed
15,longer
1134,analysis
2567,perdiod
3292,gogoi
969,run
3957,sys
91,reports
1768,vms
849,ztape
3145,elizabeth
1445,dead
3760,whqnt
393,ceridian
634,cashiers
4046,symmantec
718,zero
852,forgotten
3092,flash
947,free
1637,hired
4158,prodapps
1908,tmp
1983,enable
202,components
3021,removing
230,load
831,total
1402,secure
2848,bus
4038,airtel
20,time
904,phoneline
4072,omg
735,paez
1334,weaver
862,downloaded
565,tech
3945,agile
1380,lahjwbvp
2135,inbound
703,zoom
2283,hammer
3807,para
2673,incinc
683,submit
418,price
435,ism
147,modify
1902,lahjarpd
4120,mysql
296,received
79,potential
3366,emilio
1207,procedure
760,jet
3259,bod
1201,lamswbvp
3088,anav
199,hpitw
575,power
1947,settings
1117,completion
1532,stopping
4130,bmgsswapapp
4106,backuptbc
502,telnet
1716,distpatch
4015,ssfsingle
1793,mariposa
95,slow
4219,pretups
3619,assigning
1229,homer
3887,servicenow
3982,reorg
2285,rmascanner
3883,procurement
3810,tablespace
1165,broke
2521,shalini
383,stopped
3077,lexmark
982,mouse
1197,jesse
4005,tbosingle
2583,johnny
1183,passsword
2792,saturday
2119,android
763,mfp
1269,valid
2599,certain
2648,accutuerm
263,perform
2495,pleas
3806,tkprof
1634,loaner
1960,assignment
2043,lagwappp
1740,trackit
2640,mayra
4138,tbopretups
983,door
3489,castillo
1652,fecfebd
2475,lalaappd
1152,mahendaran
1591,near
55,triggered
4249,radix
464,large
1189,tampering
318,central
2051,sagar
3203,drinks
2888,provided
2171,hide
3550,ledger
2681,emc
2944,venkatraman
151,page
901,wifi
2284,copied
2360,apples
3663,visibility
2671,scannerguns
394,printer
544,sap
823,start
1566,sent
4301,downnigeria
1408,multi
4174,websense
3535,heitmeyer
686,half
4012,kenya
46,application
207,items
2722,flashing
816,audit
222,mobile
1300,weights
1113,resetasm
1831,plugin
158,cycle
4068,tboproduct
2401,labeldblog
1535,member
277,value
2636,checks
3255,north
754,scaning
3973,parag
2296,reste
2477,connecing
2330,trend
60,FALSE
669,headset
828,sing
1409,nvstc
1440,gap
3271,fields
652,clock
1650,lahjwbvq
1226,mate
3866,iexpense
1795,dropping
3144,cabrera
1443,ecd
953,details
3755,brazil
1101,weight
398,effective
2641,category
310,management
2680,garbage
3231,reserve
3757,oid
2039,rogue
323,mode
1560,good
1872,laxpwsqa
1489,attempts
3690,aam
3580,recieving
27,files
2581,tonner
497,accounts
1032,training
940,nvsrg
616,confirmed
2254,shortcuts
1451,consultant
4300,kearchive
748,sapposdm
4157,twsslogs
2762,recruting
1260,dayfirce
4203,varmqm
189,users
3323,amout
3094,evening
2991,problemas
987,prestart
3046,prize
866,mfpdn
1950,calendar
3059,esmeralda
2373,sushank
1961,range
2103,special
2499,lawson
3501,quarterly
3362,joinme
4211,ussdapp
2555,weighing
1966,mireya
1709,numbers
1164,recognizing
2817,round
2210,operative
2936,allocations
3183,write
541,payment
4041,citrix
605,miscounting
2474,ktmsfspd
1574,buying
155,access
4111,rga
2877,restriction
1802,latency
2385,helpdesk
576,reboot
1836,budget
4162,pri
1531,powering
3654,jan
1616,allowed
4066,aoc
1349,defective
4293,campaign
1825,duplicated
3450,masterlist
3341,reserver
4226,isd
2948,mails
2041,epassword
1602,cac
835,policy
1427,replaced
2434,dhanotiya
1708,shipper
4205,pcr
2342,powerbi
367,role
978,drower
2128,associated
4086,dbhome
3372,sharon
369,features
1238,bhp
3205,column
2901,fluctuation
903,panel
201,marcomalert
245,path
43,provide
3288,jessica
937,restarting
4299,airtelke
4282,filtering
1018,lagwscsp
2821,transfers
2420,nancy
2322,holding
656,damaged
715,supply
3456,emailing
14,job
2155,eaddcb
1071,capture
217,arm
554,kav
71,flowing
469,pay
3758,tracking
4297,encslot
2907,reser
3756,maxwp
1057,released
3063,shippers
4291,mountedon
622,buy
1625,died
2578,lahjdbvq
3017,signatures
1043,dbst
1077,way
1677,regsiter
80,unavailable
404,dayforce
3627,linked
3153,flag
2260,ambrielle
1710,caught
3865,tomcat
2547,reinstall
2923,ramirez
1080,supplied
2746,frequently
1082,damge
1642,ilo
2175,llc
822,pre
25,products
1931,spam
2668,lodi
109,download
3346,etb
2661,george
2510,eid
3881,bidwprd
3500,drill
2700,firewall
856,bay
436,order
1085,markdown
4281,sffn
3315,avakash
2370,vxlsx
2591,regiser
1232,credit
3859,refer
339,finalize
2981,oag
92,available
150,missing
2832,laamappd
730,makes
4178,kyc
3278,soft
3611,consolidate
971,inventory
988,buttons
3089,charly
1098,events
3233,handboom
2544,lasynbvp
1604,nisargkumar
2427,lactdbpd
3435,christopher
179,deletion
1895,states
963,isecure
2042,fron
1251,reciept
1726,lsm
1752,videos
516,shipment
2176,mike
2773,vignesh
3626,distro
1163,mis
2752,stamps
2367,labelapps
4302,tbotabs
2861,queuereader
452,letting
2709,horwath
3074,suhki
3891,whqlxdev
3660,interval
790,scrpat
44,sftp
766,wasnt
3019,shadow
3441,aguilera
262,ticket
2032,dalia
762,mdn
2241,delegation
156,group
2049,govind
3318,latest
2219,bin
3239,credential
118,export
1081,acuterm
3370,brenda
3770,robinson
697,bop
3171,vista
2820,building
3733,repository
3189,avocados
3195,keyholder
1293,paper
607,assistan
733,allowing
3165,spare
2104,epson
1392,dms
2911,oct
68,documents
1713,unskip
1111,middle
1354,lines
1273,txns
3466,plan
690,send
2655,reprocess
2386,managed
1671,snagit
1998,starting
4196,malaw
146,container
980,guest
2239,query
371,abort
489,accuterm
3065,dtpload
3775,rlm
1916,break
4135,unixlinux
1833,wear
2815,pushparaj
3006,people
3682,rick
1475,appliance
1778,garcia
871,setting
1627,chand
3561,shaik
1849,prathamesh
2336,cleary
3536,strategy
3662,condition
4070,tbovassdp
2805,zone
3186,tooluser
2631,scratch
3850,engineering
57,lot
1224,fix
3005,lamsjbpp
2117,reached
2058,slide
3897,fetch
3211,selected
332,reply
2085,piyush
1959,txnplus
3843,hanged
583,mssqlserver
3187,increasing
3559,parameter
1100,turned
777,cctv
3117,dean
3179,escala
1304,dbsmonitor
2060,elbert
1994,paperwork
3241,allocated
1823,todays
1540,depth
3528,promotions
1600,balazs
2946,watermelon
558,vocollect
1505,chain
891,snapshot
2649,deleting
4171,punedc
412,account
1987,faulty
3695,ebsd
3282,dixit
556,replacement
673,roll
3762,tracefile
1344,canon
2852,romero
1025,duplicate
2697,fecfff
1583,let
173,hpsb
1502,pratap
2303,freezer
1110,ccms
3537,douglas
2147,posting
1643,ktpidbqa
3921,revenue
2660,dayfoce
3659,ebs
3296,synced
40,correct
3440,listing
2494,faxes
3229,rail
647,cable
380,trickle
2017,ground
1940,polycom
2895,statements
4062,madagascar
701,till
358,save
1424,pulling
745,orozco
2184,fedex
1861,lynn
3777,ebusiness
3474,ghildiyal
23,completed
4008,wsus
2140,quarantined
1605,patel
2652,media
1546,mismatch
229,problems
2021,locations
3644,gwdk
1742,pointer
1308,compare
3791,soa
1343,candidates
3055,inforation
2542,kthjwbvq
437,pallets
688,exceeded
1220,company
1458,small
1250,mastercraft
3447,tcode
4094,backdata
1691,book
293,owner
4197,dsdatafs
462,issuenot
3787,synprd
1649,latmapqa
2504,bussines
3026,warnings
984,footage
1791,wine
1697,lapidbpd
3108,kill
1743,blinking
659,disc
2942,replacemnt
1188,servicemq
3395,command
3898,smf
3980,schemas
96,found
1373,accont
2827,magazine
2930,intrancm
2528,air
2763,nativity
1044,giving
2938,burning
3158,pam
145,change
3794,datasource
533,virrueta
1525,color
1862,testing
3598,porfirio
4168,gabo
9,sis
1004,signature
993,batteries
1919,lahjwpnl
635,txsxs
460,pin
1003,com
4288,relty
1219,burned
2545,disappears
1511,lun
3679,gwd
368,ams
1253,unlocklock
1518,slot
1848,joshi
3007,idle
3677,lvl
2164,avenue
2657,wtih
3870,remigrate
1970,antivirus
3943,trendz
3730,dbc
3749,ebsprd
2250,resgister
416,unlock
284,requested
3244,bgp
94,report
3306,tune
678,easter
3507,seasonal
1717,reqeust
1859,linda
2045,lalaapqa
1375,event
2630,resetting
1508,fcsw
791,laotapvp
799,twice
2779,swaped
804,transnet
193,related
1433,employeew
2429,cookies
3027,capacity
2044,fecfd
3252,identify
2548,mentioned
3766,oaf
2754,larrys
3515,presim
807,maintenance
825,punches
1811,clearence
3656,vmware
2328,paymets
409,drive
2423,patch
1805,recal
2624,divyesh
2393,chase
3483,mirror
176,information
2487,filling
1769,cashroor
1877,lpms
3199,hts
667,kaku
4227,shc
1239,turnover
2028,yankovich
1539,timeunlock
563,phone
979,short
3978,house
4267,bcwdblz
1034,enrollment
1771,notworking
3790,datasources
2799,trx
274,support
2416,esxi
1139,taxable
2223,green
2625,kathiriya
3146,grc
294,profile
3703,rpd
617,inpick
2501,associate
557,unit
3237,tender
2596,returns
498,contractor
134,bios
1873,blury
4201,lass
4304,downkenya
2568,trainings
3880,segment
3735,plm
543,launch
1256,goes
1547,supervisor
889,cents
2313,carlos
1467,preformance
2148,infomation
1645,resolve
3438,ontractor
932,backwards
1249,gso
2635,rtv
3617,hold
1846,timing
721,maheshwari
223,unexpected
1633,exception
3996,chimeres
2019,bae
624,payments
2955,factory
2603,sisendmapin
2383,bandwidth
2887,talking
1736,orange
3004,sandy
3333,upgraded
2247,joshua
3933,ldt
2018,accout
1506,regions
2557,window
955,laax
2153,netweaver
3720,specified
7,mon
1798,health
623,electronic
2879,unlocking
2218,costumer
3364,discovery
447,fax
4118,dcs
2445,completly
1761,hjfullload
671,past
3773,webquery
1478,scann
2933,intercome
877,oscar
3490,utility
2353,datamax
614,punch
3511,mno
2186,ram
4176,avaya
171,required
2644,nora
2120,ccb
3210,johan
1482,printed
3960,anx
2662,herrera
2990,scraping
1678,radio
3708,concern
1067,drives
2116,buyer
1835,issu
873,saying
4078,httpserver
170,partially
2535,tvu
2807,iphone
1787,privileges
492,multiple
2362,huesing
654,brian
1832,tuesday
2057,tony
2228,word
3039,aws
1244,styles
1382,threshold
308,escalation
2757,ext
2989,managers
2952,continuous
720,wont
3745,plex
2368,glass
1729,asap
2685,anjali
3864,loftware
313,yesterday
1721,instead
72,plus
844,latmappd
2233,scales
2297,apt
1573,odrive
1153,pavithra
3448,ross
3822,soau
794,stanley
1951,mainteance
2912,respondig
2613,kavita
1107,azstc
1935,article
2406,fyi
1819,cutting
3083,noc
1248,inbox
31,publishing
3814,rposb
1903,receving
295,mailbox
3844,directories
1296,telephone
2483,garden
438,drawer
136,publisher
1493,entrance
973,certificate
712,emails
3225,runing
1383,info
1886,priot
4105,tbohyperion
1307,want
694,ndn
2985,loaning
289,driver
4016,websphere
1365,laotdbvq
3873,scm
4000,rproduction
3912,enc
2054,accoutn
47,bpm
3289,filters
1707,merchandise
944,scraped
837,boot
196,acachttpst
3835,errored
2173,jonathan
3,citcshpcom
3605,khushbu
2356,reference
1534,crew
1265,resume
1431,functioning
1240,comparison
2092,tushar
772,scanners
709,highjump
2865,latrdpd
523,timeclock
2913,cisco
2606,laotapbp
1527,skip
2023,yellow
1361,dayorce
567,environment
3193,int
3509,fiori
602,ssc
2519,names
2272,slip
2822,follow
722,shrey
1278,laevappd
3422,posdwagg
3623,statistics
1151,loop
3078,beer
3710,obiee
56,component
1821,yogurt
3033,norman
4067,digital
1586,mukherjee
248,user
330,failed
3698,gtdb
3874,compile
3427,alejandr
1624,creating
2522,rds
3524,marielp
1576,shuts
2321,jackie
26,concentra
1292,portable
3201,fffd
3841,ipferp
183,log
2891,chong
307,fails
842,inc
1484,needing
2036,sequence
354,regular
3080,accuerm
805,point
3338,susan
1417,forzen
2608,pls
2269,cdd
2731,lockout
3003,jorgej
3044,palets
2954,exec
692,fill
3310,sannergun
1941,checked
1755,estate
946,sync
2046,reuest
2549,avtive
3361,rebuild
1090,problem
3491,dell
3643,icloud
789,liquid
1281,addin
1446,inactive
1049,weekly
225,cache
2165,bielawski
4247,tboaoc
3918,detailed
3856,arch
991,acl
547,commerce
3418,root
290,performance
3393,layout
2755,accutem
2556,auth
2314,acosta
1882,rojo
3371,issued
1932,jacks
1491,telermate
2963,conf
1242,stylus
680,outlook
1289,ecpcentabap
2069,barcodes
2129,ktcsdbpd
322,search
2551,november
923,lamsdbpd
182,values
2559,eligibility
2398,cec
41,ips
1035,camaras
2818,serial
2620,bridge
1724,barragan
2354,hazmat
1796,promotion
3939,ppv
1845,queries
3043,kevin
2585,mendez
1399,dayfoirce
3825,percent
734,mariel
1322,scannig
2514,labelqm
3531,joo
3249,learing
2422,food
108,chrome
3368,groups
1263,initialize
917,mpls
1416,overshort
241,release
1241,pen
2945,control
3888,runaway
865,ghost
2890,screenshot
1218,incregister
1790,havent
3293,konkan
362,mark
954,charger
4002,mqlogs
1937,singh
2478,guadalupe
4073,broker
880,pick
350,date
2197,basis
753,task
1606,select
2698,nee
858,hardware
818,stops
2484,metal
2038,aps
1290,idoc
630,test
320,fast
3086,del
732,tower
579,room
442,print
2881,method
98,displaying
2213,poassword
1955,privacy
1014,options
2441,anand
2840,amol
4164,tombackup
2749,sheets
1412,carrier
131,links
2245,lamstdvp
4099,dwhome
4020,svw
3879,obia
3432,valdez
1891,latrapd
618,schedule
3008,percentage
3162,por
898,transit
455,cash
3222,acess
2506,john
2610,adhoc
3250,hoconswdt
2408,payrroll
2774,members
3566,schema
1060,excel
3382,svc
599,tone
3917,integrated
521,lanffspp
3352,xtention
1131,lose
2910,runnig
1933,ktmstsvp
3688,oracle
243,directory
4251,dcspra
1860,danz
2002,justenough
3455,cluster
334,bytes
1992,warmboot
3723,tcupg
4082,nessus
3281,org
4028,drc
1638,hsri
1129,crashing
3676,individual
1486,corp
204,processed
2343,supported
1734,slowing
3141,jose
2327,modesto
4172,ibm
786,guns
2182,endpoint
4192,instanceid
1810,script
1758,water
2653,tapia
1770,permisions
315,categories
4001,frequency
4210,orabkp
2734,glitch
450,cashout
1927,smart
3343,requets
1158,plain
2412,ktepnwmd
653,bowker
85,purge
2001,counting
1457,restart
4289,apn
2769,sambavi
3615,marie
996,voice
571,screen
2934,meaures
3834,gst
3261,pointing
4257,nips
2643,convert
3984,bravesoft
3331,bypass
874,enroll
707,hole
2244,emp
3629,analytics
2893,dynakeys
1662,hireright
2604,opentext
392,password
2277,extencion
4185,bmd
3156,ricky
3075,wasdc
3373,navigation
4014,ibmitm
3651,avoid
3539,lagging
3846,recompile
2831,tem
2331,ktepappq
4047,assurance
2829,emergency
2287,abdul
1850,channel
2438,antoine
1963,social
335,minutes
1868,attack
811,asset
1896,services
3934,nfs
945,apply
3986,libraries
2436,design
2079,koklas
1777,survey
3929,motion
548,ports
3970,improve
1513,assigned
4149,nzn
520,shaw
2970,analys
440,passowrd
446,prod
3831,bireports
2013,person
379,priority
1528,array
3956,heap
512,dynakey
1921,dont
2691,tab
3599,matt
355,button
964,vpn
1185,mqin
546,system
2638,slt
3386,airwave
3940,detection
1727,sampassword
4087,httplog
1975,systen
2588,plate
1510,lahpsrv
4007,dcscdrraw
2677,ktspapdv
574,place
2935,timeouts
3224,exceded
2704,drivers
797,incident
1097,current
1149,crashed
4006,tbosdp
537,video
3951,gdf
1863,scannergun
2056,kuisles
2726,scrapped
2783,benefit
3097,icc
3793,salst
3944,stats
2178,sivaraj
2602,mdr
1013,moving
886,misc
4177,centre
626,spreadsheet
1298,inspection
2180,wednesday
2997,allocation
1801,manger
1749,passwords
3167,july
2682,laavappd
1021,abap
279,listed
4229,wcry
1865,aisle
3518,arete
3668,genaration
3937,develop
2725,labwapvd
433,backup
2689,fecfcd
1494,detecting
2524,clearance
2096,authorize
4268,temprature
3174,qlposdmpos
1401,cams
1162,hjpdsql
832,codes
3286,entrust
3556,scripts
1212,bring
319,text
591,expired
3275,local
3618,cloudplus
2618,traffic
3783,synchro
2705,rancho
1735,ivms
4128,dwf
3567,scott
1779,ricardo
2163,almanza
3485,saleemshaik
3581,crunch
3461,sherri
2909,extended
881,monitors
3816,arant
566,ecc
1180,lacsdbpd
1472,avni
1556,ipad
2905,menus
1541,manual
2008,complain
3678,rerun
324,question
1245,ktngapvd
4194,statechange
589,timesheet
2382,cloud
2022,magenta
3647,databases
706,broken
4261,aggregate
269,long
3819,obi
3403,requirement
2151,routes
228,live
5,error
2134,mage
4064,agenthome
1990,lapiscsp
670,pvm
1286,public
1855,netboundary
4142,tbovanx
1781,pacific
2338,feb
1091,exceed
2029,kumar
1352,skype
3622,protector
2964,worked
1295,stop
4241,rolled
1559,fileserrors
1024,labor
466,mic
934,seal
3326,alvarez
2351,torres
1184,ecpclnt
2124,shhjvovp
660,chip
1969,land
3468,veronica
232,gcs
2323,mfcdn
448,printing
530,corporate
967,ktdmgwdv
4035,tbofraud
1306,zape
3771,oralce
3905,datafix
135,connect
1788,font
4024,eif
3487,erikac
45,working
1476,netbackup
3287,ptr
1312,issueer
1824,jammed
3928,datadump
2849,enclosure
1804,bci
3028,cdrive
2063,disconnect
1309,rdr
3909,poland
3227,phisical
252,sells
3821,refused
2974,target
2493,shedulle
1665,recalibrate
1137,tag
2637,audio
2452,cbbff
1228,employe
826,pushpendra
542,process
99,facing
221,devices
1545,pasword
1029,uplink
304,check
106,picked
4039,opco
3817,ssh
397,vigile
2115,exchange
1403,lamswbpp
2358,kasper
2181,dollar
2264,ktcsdbdv
381,office
3607,ean
949,purple
621,lead
3966,tuning
2278,shot
2072,respoding
3857,rmf
900,leave
1195,snapshots
3804,oracale
1660,lahjarvp
3337,micrphone
981,wireless
3737,roclx
1977,mini
795,planned
4037,probe
116,dialog
1023,swap
127,product
1432,intercoms
2473,tmg
3247,irf
595,assistant
824,fist
3068,topix
2302,entry
2122,isssue
3160,vender
3911,undo
3473,liang
1871,workin
561,line
540,ebt
3671,shop
2790,appears
4264,kdn
219,update
3923,maxwt
3812,otl
1598,indubhushan
1676,meeting
679,janes
3554,vicky
1880,march
1192,contact
2047,plu
1962,pinters
2177,siva
3741,asn
3576,sop
3157,dillon
2457,ats
1052,tmiv
545,virus
107,bug
4021,prtg
195,reset
2232,fixed
646,transfer
2765,gathered
4307,categorized
3334,queues
1512,jam
129,ftp
3312,pci
2634,juan
1623,sheet
1234,worrking
689,sessions
3276,advice
3997,redo
3191,says
364,email
4019,tboloyalty
2615,following
3305,replication
3965,roc
2692,dfe
821,van
737,regwarning
475,latmapvp
4050,usropenv
4270,crmdata
1870,ktmsdnpd
231,autoloader
1066,flapping
896,lost
344,servers
1775,prints
1906,quit
2908,ran
4056,tboussd
2270,ktmsdovq
2826,lapping
1529,informaiton
3135,ruth
2732,personal
28,not
2867,halloween
3609,ecqbhq
356,continue
89,needed
3142,finished
3666,manuel
2479,sonato
2258,zmm
573,outage
4153,arb
3553,relocation
473,truck
992,steve
1314,thursday
4214,dsyx
2845,iformation
1759,oulook
3172,rodriguez
769,result
919,shutdown
711,pass
3175,temporally
3983,patching
4166,appmbrapp
3399,prompts
4296,svexport
928,muzak
2,alert
4193,itmthrunode
4090,outdata
413,lock
1599,tiwari
401,sunday
235,loader
1661,idocs
114,appear
3351,completes
3376,foster
1767,openoffice
2639,operation
4009,idtri
1468,azsxs
2656,second
1972,tunnel
3915,urgently
132,pages
3818,standby
2271,lahjvovp
3406,addition
3769,oaracle
2670,configure
24,login
1369,shut
2616,mtce
256,generated
1407,corner
2503,issueunable
1194,lamsvcbp
490,district
3975,sev
3694,dashboards
1711,main
430,storage
2977,accounting
463,icons
1178,compliance
1065,incpinpad
3267,global
2325,terms
897,keypad
123,edit
2621,baterry
1738,woking
2658,ctrl
3322,intranet
2570,logins
1395,right
2816,note
2099,tail
875,apr
927,music
144,showing
1154,loging
3685,chennai
3826,whqlxaamnet
4022,tpc
2068,vishwakarma
1009,ascs
4225,dbdiagpath
650,incorrect
104,dropped
467,ending
1918,lamsdnpd
3245,ktwanrtr
212,images
3516,mayorga
1720,strawberry
1079,fan
2339,vpos
2394,dac
3385,addresses
2191,letter
3621,publisheder
1291,acting
911,general
1533,mapping
517,today
3096,mario
2015,barnes
2111,incphone
4236,psu
3377,readonly
405,pinpad
1136,larry
3637,average
3110,route
600,cynthia
479,rest
577,loss
3052,tlog
2212,lawhaccidf
1596,nagaraj
957,stolen
4191,identifier
2520,articles
3792,destino
3768,upk
2312,trucks
3638,length
662,stock
1636,advance
3950,cyber
3681,montano
1679,fnr
1869,privilege
2440,conroe
1011,scs
2518,deliveries
1462,keys
3125,comp
1351,jpg
2862,area
3597,luis
633,key
2460,require
287,attached
74,currently
3034,pavlic
3544,normal
2876,tomorrow
457,constantly
3067,monte
1942,star
3815,gmc
3031,melrose
78,permissions
1692,accidently
4271,ddm
233,skus
3449,sandra
2745,overnight
3852,cmf
428,agents
2737,jicamas
3872,proc
511,black
2896,incidents
3502,sodeth
3374,latmapvo
1099,vga
3583,timelines
2714,seen
3750,resource
2185,silver
3742,pscnv
2509,pricecheck
3952,rac
2880,adress
2024,config
3889,eafcd
4143,billing
3593,mass
1425,recording
2541,laf
4110,nbubinary
3938,gather
1283,fecfc
4044,africa
3307,fung
4018,tboerp
4260,variat
970,dayfore
2369,folders
425,pricing
1116,extremely
2756,lobby
1221,contacts
4096,dbarclog
643,message
3378,ous
2091,gharate
3797,iqs
902,fire
178,updating
3054,erro
1086,track
1582,sever
3398,hrpayroll
3358,map
2447,mins
910,library
4239,pair
4310,ngf
2710,kiosks
3862,jpk
3630,poc
4043,rwanda
1213,gardfield
4126,facebook
77,option
3082,charlie
749,lanvapvp
2882,cold
841,movement
486,link
2066,fisrt
1562,look
3853,pmf
4079,postpaid
1524,lopez
1503,share
3969,intransit
1515,pace
1612,placed
2424,entering
2300,egg
336,aborted
4091,dcsarch
1426,playing
4245,tchad
3907,iqsg
1719,plants
2669,lapj
1119,shows
867,resete
3467,ganesan
4284,varwwwhtml
2979,lavmappd
840,financial
2052,hot
1454,changing
2463,instal
2324,sure
1390,labels
3808,problema
2059,chung
1618,position
2572,pepsi
4256,ipacs
1310,tsi
2525,pssword
4309,xforce
1127,phil
1428,steven
113,trying
1160,engine
1339,casbw
3445,staging
300,employee
1555,phisically
1909,complaint
4182,cms
3962,jvm
1700,generation
3354,eccb
4051,usr
2402,devstorertr
1324,recruiting
4074,tbobb
165,translation
352,messages
282,ago
505,monitoring
200,hpitwmarcom
1089,repair
4188,ackedby
2158,tunnels
3719,indirect
2407,london
1074,inforamtion
632,holder
3774,concurrent
1190,dispacth
3381,downgrade
3555,leon
3013,installs
4036,malawi
4292,solarwins
3592,prd
3030,apuy
2414,reverse
3828,weblogic
1874,fall
3976,usrtmp
3367,mejia
784,high
4054,icmp
552,completely
2262,instalation
3207,slowly
4253,syniverse
2885,doble
819,refund
2364,giancamilli
443,blank
1773,nodb
3530,dong
3045,ameet
2552,sesion
2421,tmivp
2534,pcl
3740,cuenta
2804,reconnect
4163,qradar
2646,direcotry
738,domain
728,xlogic
2870,keeper
3150,livermore
909,keeps
938,picks
2080,robert
1617,minimize
1208,ebts
1816,unableto
4152,pnp
1973,craft
3631,edsons
2209,xshot
691,app
2875,stubs
3991,scorecard
637,devi
1701,chian
1651,incbo
2906,crystal
1459,accueterm
3646,cubicles
325,approved
535,gonzalez
958,tcx
3664,api
261,service
3584,kurban
36,timed
3102,applied
2289,exclude
414,active
1479,head
3837,blackout
2448,alertstore
4052,gis
2195,rquest
848,held
3127,winshuttle
2932,marketing
1585,dipanjana
2917,laurian
2925,ship
2915,utilisation
768,random
2095,lalvappd
1684,history
518,lasodbbp
3716,affiliates
1125,dayfroce
3711,noetix
1362,remotely
112,template
756,slowness
2650,responing
1173,slotting
3641,ashleyg
2025,wind
3727,webpage
1997,presence
1423,ravi
3301,ossec
3526,difference
254,register
2083,calibrate
1461,clear
661,pinpads
3311,dynamic
3212,alter
1800,cent
1053,reimaged
1901,cancelled
2030,prakash
705,dayforfce
3639,sysadmin
3562,fabian
400,sales
2764,outllok
2485,material
930,entered
961,pallet
3112,hebert
1371,erw
2886,cases
1569,proper
2918,inaccurate
532,ana
1930,searching
1272,casrgxx
1982,compstate
3557,collection
553,surface
4010,sas
1455,input
3344,erika
3574,inquiry
1473,shrivastava
1010,pip
3896,cttemp
429,physical
3465,lists
1828,azsbw
619,cards
3214,murugavel
813,background
340,wip
3064,monthly
2837,exported
3578,basket
1817,freezes
3047,jimenez
2391,solmanbtc
2486,cooler
1564,latitude
2432,dwivedi
3625,edip
1092,speak
3294,las
3963,impacted
1905,champagne
2403,issueno
1803,visit
752,jon
968,unabe
536,usb
524,verify
2824,conecting
793,automated
611,learning
1008,platform
785,jump
4312,addr
4217,productict
3390,machines
506,record
1252,vacations
2686,bhatt
999,weighting
360,studio
3890,soad
736,laotdbbp
2961,entries
2533,pineda
1182,passworrd
3900,maxi
555,xpress
120,internal
998,sending
719,turn
2973,rca
328,remove
4254,tbossf
3522,volumes
191,upload
878,finance
317,approval
2207,rejected
2777,accurate
2992,undefined
2381,onoff
926,ktsynbpp
3048,jorge
3098,chakrabarty
2853,switches
1054,helds
303,block
1948,drops
740,dash
11,request
1929,earth
4287,avail
767,actions
2086,venugopal
4032,tbobi
1748,fel
771,device
3847,archived
209,timeout
1075,cover
3340,passed
868,adjust
3981,unix
3801,ttc
628,assistance
62,ishttpsssl
764,brother
3882,clone
1453,teresat
693,inv
1140,view
1797,correction
3527,june
4124,congob
1892,cashdrower
1106,fecfea
2546,lockbox
3673,addis
2415,lettuce
1166,reflecting
1132,times
1318,ktepdbpq
3452,itgc
3232,purging
3317,rutvik
504,agent
3062,car
3665,castaneda
3411,ekki
1006,rebooted
86,approve
2858,sheba
3796,grants
1135,vocollects
4098,fms
2442,ponnuchamy
3884,backend
2464,emma
1337,alarm
4235,dbtemp
63,port
1243,dry
3421,archiving
806,cashdrawer
778,katy
3185,samsung
1808,avinash
1059,cashoer
1746,onhand
359,desktop
774,cashdoor
2914,fbd
4080,var
2838,krunal
157,membership
2794,vertical
3363,niko
4311,oidinternal
1230,cleaning
3925,unlisted
2449,verizon
2516,hear
3379,attention
3164,razooki
3547,jerri
3748,roclxaamnet
4200,tboebill
3838,rup
3137,sytem
2975,sapeft
4141,websence
2050,toshniwal
1456,warm
4181,ibadan
1498,great
1012,handhels
3109,tolerance
1953,ppt
3464,urgentplan
3071,caceres
3234,stg
3148,retrieving
1876,resolved
1418,exporting
1631,department
3475,mudit
2768,ramya
4109,life
803,isare
4031,tbora
154,http
3257,kraft
4148,ncan
168,detected
2105,accel
1561,hallway
2579,aabc
1474,downloading
349,automation
153,busy
3254,named
906,quantity
2785,erf
2261,ruffin
1039,terminal
4122,reasonfa
3266,dns
2632,dailysales
3744,isupplier
3833,mpg
3521,resend
1400,voicemail
1094,paycheck
259,opening
2523,director
1311,booting
1102,weeks
1621,cost
1648,pto
1995,hris
1594,resetsm
2389,pst
3767,downtime
4306,anonymizers
801,hour
3022,priviledges
3877,edt
3563,migration
288,worksheets
2664,functions
948,station
410,hard
965,incscanner
2379,voided
4220,cgi
3732,wapinvdistf
1815,lacsdbqa
3230,zmmr
2026,cdc
3999,birepprd
316,loading
2654,teresa
3308,mexico
3228,gar
796,requesting
4053,oraclehome
514,workstation
1807,insuficient
3533,weekend
847,hand
1434,know
1655,feed
2617,pind
4040,congo
765,jamming
1915,validate
2860,rtr
3124,bread
1413,location
2513,bceeba
214,custom
3134,cantu
3869,est
140,customers
378,logging
2459,dinakey
3217,vigi
3724,psdev
1168,secondary
3204,energy
69,cds
2787,auto
3375,kthpsrv
2916,core
1359,plug
2136,wahjwbvq
3073,sidhu
2093,cpe
249,find
3657,wintel
3176,typing
3273,sep
3848,psuat
3304,generate
22,code
2097,lalvdbpd
3948,fndload
2374,tawade
933,restored
2226,taoe
3111,claudia
286,type
3941,purchasing
2315,jira
373,responding
4150,bww
258,space
275,version
2304,scren
1264,ktimapdv
1389,compliant
2236,sleep
3788,oracel
1763,opened
2334,lamgiwvt
2430,accoun
3420,azdmdbvpodm
4113,mqlogsold
2600,reason
4184,tboscm
1695,double
4303,dbactlog
744,xiomara
2444,possibly
2823,refreshing
682,sick
1199,wagner
3892,mrp
3675,output
3407,samantha
3875,whqux
3803,immediate
2476,accurterm
610,switch
2413,labelsapexe
2835,applying
2949,nothing
234,sku
2796,locket
1913,accutemr
471,tape
3655,regards
4156,inability
2156,lamsdovp
1538,conflcit
190,web
2320,cervantes
1261,runtime
1120,response
3000,lamgapppmwg
4058,tbobif
2211,datastore
2993,repaired
449,night
684,portal
2256,corrupt
1520,additional
3345,doug
1858,hansen
1348,acces
3603,sherry
2371,lawhaccsw
1033,hours
4119,dbbackup
2502,enrolled
4202,ime
1070,storexxxx
2626,earthlink
708,inside
4269,madagasca
1333,net
3706,apex
1016,safe
396,boc
1055,questions
2255,recorded
2087,ktmgppd
2392,sort
672,receiving
2076,ktecscsq
3858,assessment
3784,consuming
2166,centsnoc
1667,adapter
3023,plant
1587,outlooks
3121,justino
3640,sdp
3836,pune
609,idf
3894,frequent
3332,newly
1917,coverage
1237,rdp
1530,systems
1302,saving
1027,shipping
1084,brand
2776,restarts
3494,filesystem
598,dial
2208,payrolll
2376,pvt
1376,finger
58,open
3200,assets
2842,kshirsagar
704,cashier
1387,trusted
986,objects
242,changes
1133,workday
3269,build
2366,affecting
4223,ussd
1257,assign
478,vora
197,aus
1644,defined
1463,labo
3226,asst
2707,powe
385,dbs
603,temp
2869,gate
2361,allen
1829,burglar
1367,unlok
895,fecf
299,country
2846,cecilia
1041,calls
3594,warranty
3687,csr
439,lms
2531,packet
2073,nvsbw
1988,ups
1899,dispatcher
451,finish
2139,uanble
3154,rule
568,appearing
474,unload
2721,activation
4314,mask
2016,void
713,confirm
1578,forgot
3932,nonprod
2340,billscoins
1783,hdd
3920,bursting
2034,agrawal
2443,scheduels
2775,executive
3718,erp
3508,mom
3495,tomar
1554,counted
1632,contacted
1384,manifest
2472,violation
2576,cart
3285,chandrababu
1501,dyankey
3700,bidev
3242,reusable
572,visual
2899,cantaloupes
726,serve
3498,aix
3009,managerspin
1366,exit
1313,denied
93,bom
260,description
4189,alertage
3084,grp
1776,iis
3608,wedmore
2793,abnormal
4085,waslog
1485,microsoft
4065,tboiat
2259,uat
1363,laexhevp
2761,nov
3752,purpose
2982,returned
3251,solarwinds
3893,ocfs
2294,zicmpq
301,state
1483,size
1820,campus
1521,outside
346,connected
1279,fecfe
1126,calibration
2170,forward
3728,body
1785,touch
4095,rawanda
698,making
3519,shen
872,openning
1156,mishra
1514,donisha
2718,faileder
3116,navex
122,author
1449,safety
244,handle
4316,siem
1957,laavapvp
1299,measures
4285,mem
1370,april
4004,kux
1280,laimappd
974,expiry
38,cap
560,isnt
1843,helium
3415,rob
187,able
1236,mix
4108,tbo
2005,cleaned
3799,ahq
1664,payperiod
2152,takes
2564,tamperd
4276,arc
2496,pdfs
1274,faded
1276,default
608,garfield
3587,bala
2230,resolution
925,manually
2724,jicama
3260,syncing
1093,buyers
361,term
905,matching
2676,ktcsdbqa
606,money
989,confirming
1984,pcproblem
1198,michelle
3383,sharing
3024,dickerson
1393,texas
2462,opens
2316,types
327,dates
3342,increased
4145,orabackup
2205,ways
798,accident
3397,girish
515,delivery
1294,tray
1030,ims
892,lagwdbpd
2109,demand
1202,dyna
2517,sings
1374,rebooting
3959,blanket
3652,improvement
2220,locking
1999,morris
1854,virtual
1630,nos
1174,servere
470,period
3914,fault
1169,downey
3198,kienbaum
1641,aabddc
4295,mdisk
593,eod
2174,license
3645,raise
4207,cdr
3202,laomapd
1275,incomplete
2744,fwd
3759,migrating
2580,labelsystem
4131,asi
1672,vcm
3451,hdq
3658,developer
227,client
2010,transport
1325,menu
2956,recommended
1095,hosts
461,tellermate
2969,refun
4055,rto
3353,followup
2878,shrink
3453,janet
2921,smell
4272,mnp
2225,nguyen
550,warehouse
3789,unaccounted
1350,webwise
695,uow
3946,rjeb
453,reg
3040,clearing
3037,scaling
3446,revocation
2571,authority
3761,knowledge
531,ktmsdbdv
1326,static
2995,avaliable
2217,stacys
4133,cdrindexes
685,board
1613,cancel
3534,modules
2665,bananas
3916,mar
1658,ktevdbmp
1141,txstc
203,getting
1782,union
268,hung
2141,erc
4140,dbsysc
4129,mictosoft
1051,vendor
4280,hang
37,typeurl
3120,cartrige
2851,joagnes
4222,tboretailer
3558,migrate
4083,tboasi
2110,planning
2202,morning
1842,vocallect
2659,pressing
3119,ivan
101,left
2451,incorreclty
1466,token
990,city
494,reported
2048,cantrennia
3602,relocate
2114,laspdbvp
3014,ayan
3811,recent
1912,crash
499,expiring
2828,alt
3573,moves
1772,daylight
3949,cum
830,schedules
907,isolated
1635,posted
3439,joseph
2592,laardbvp
1611,conectivity
3523,allocate
2497,workng
3867,powertrain
2461,punching
943,stating
655,prior
51,hpitwepo
922,recovery
1031,alcohol
237,fine
3661,recreate
1061,software
3180,omar
2622,mac
2593,latmdbqa
1104,intercom
3480,scope
3636,ops
994,desk
2329,cerdit
483,stocker
1436,isn
3979,appsro
2200,docking
725,azdmdbvq
2750,ope
3927,spend
3542,vcenter
1928,daniel
1404,scheduled
487,keyboard
1477,unreachable
1396,laepappp
2088,analyst
4183,oidwindows
1128,rices
1968,ktaxudpq
1629,lab
2065,cellphone
2825,anymore
292,added
3782,opp
3149,latfapd
3697,given
1161,servicedown
2781,signing
2326,reprint
3184,jennifer
309,level
3714,ppod
2196,adobe
640,label
4232,appussd
2064,unock
2204,adapters
3564,restrict
976,transferred
2251,ready
4315,airtelkhq
4294,heath
2561,recycle
2161,ktmslwvd
2075,dad
298,browser
210,correctly
3595,messaging
908,sso
2000,efax
1572,corrupted
3802,softway
2554,fro
1698,mssqlr
2536,kit
1471,jack
2405,raymundo
2795,andrea
2672,keyborde
3612,requesttest
1954,california
1911,reopen
2850,manage
1338,wired
351,srpa
3163,maysoon
4063,wasbackup
2601,dayforece
2693,tap
2253,worksheet
2089,sugey
3041,pvs
1415,requerst
1544,aad
3462,renee
1267,txn
3101,natural
2417,supplies
1847,blocked
2508,authorized
266,sell
4013,niger
2735,mesages
3541,standard
1581,limit
465,receipt
257,opt
1507,summary
1130,continues
139,alerts
1203,wosweekly
1601,montvai
1875,sapoapdown
17,maximum
3823,awr
3401,ornelas
4231,discard
3504,structure
1005,pads
3428,dulcem
931,registe
2149,angie
73,forbidden
3220,flashdrive
1045,base
4125,tboetr
1822,shown
3971,workspace
1167,saved
2512,maker
2922,merch
1259,roster
2740,purchases
366,existing
3177,america
2234,pedro
278,language
2040,dayforc
3942,xxmisc
2931,chen
3545,enabling
2142,balloons
2061,passwod
4081,pacs
2215,printe
1500,tmtv
781,conflict
2855,pai
50,count
4209,reb
3463,hostname
4075,omshome
3753,tkt
2844,simmons
2375,couldnt
2940,summer
2309,palet
1607,netwokr
1038,protocol
702,blurry
1792,reques
1442,fecfb
3105,forkmounts
3497,posdwtlf
924,freezing
1340,hppar
3529,cho
2927,crossed
3624,acquisition
102,production
2920,dhcp
851,kthjdbvq
2968,facilities
2803,draft
2033,lam
6,match
783,unloading
2094,lairapvp
468,force
3128,griselda
2337,moira
1689,speaker
914,sale
894,reporting
4137,dcsdata
4313,inet
2706,acdf
3747,ipf
2363,andy
213,projects
861,sensor
32,tridion
3632,char
890,kteptnbd
2743,modal
2466,cubiscan
729,ktmsjbpp
2268,bills
912,discount
3143,tried
2162,forwarded
1686,destination
1799,purchase
3103,gloria
776,blue
2611,goyal
1699,weeklyfull
645,ink
3568,parvatikar
1186,receiver
2607,stacy
3035,recieved
3496,qar
2987,managerpin
1663,ordering
1465,aveliable
2584,margarita
3147,actual
444,cpu
827,adjustments
3295,vegas
3012,attach
3739,ppap
1681,passwpord
2715,secured
2711,compared
1509,ktdrsw
2238,scheduler
65,TRUE
347,having
100,image
3649,care
787,scrap
2243,lookup
2856,kushal
3953,cofidi
651,cameras
2751,created
2237,pipad
3988,chassis
1690,interface
2299,felicia
829,hrs
615,azdmdbvp
2071,filed
3423,sample
3458,tanopo
1745,accepted
2782,cashtotal
2194,gal
950,accessing
3958,autoconfig
3079,storing
1419,getsales
2965,routing
4097,sestoragess
3532,personnel
2231,lync
1925,andrew
2612,vaiibhav
2683,emandhi
194,monito
2235,san
485,computer
3290,eanupc
3512,truncate
246,failing
951,burglary
2168,dunlap
3972,xxbiapx
1750,reactivate
2854,akhilesh
3070,dimensions
2833,fecfbd
1730,loan
421,jedi
1814,bank
3151,dimitri
2293,filter
1615,session
1429,acount
639,sign
3216,camarillo
2471,retail
1597,tegginamani
4089,uganda
1036,handheld
271,xmls
1670,scanningupc
3616,fda
1744,fading
2188,rpt
2098,restarted
3274,catalog
526,enabled
676,upc
30,fail
1495,revised
3798,swmf
2902,degraded
4161,sestorage
1939,different
853,msi
3686,requestcr
962,laptop
2988,circuit
869,clean
2399,absence
67,usingproxy
1346,spring
2789,oocl
2577,skipped
3053,pack
1550,lights
148,urgent
2292,bhq
2772,sankardas
2540,recived
2633,operations
2347,hisr
1614,invoices
391,warning
1754,courses
4107,chad
2976,canceled
2419,escamilla
2454,lamsdcvp
1215,locate
1210,havana
1946,conference
4069,congodrc
3699,pssup
850,verifone
855,rivas
126,status
4218,oradata
916,mbps
4048,africaapp
836,retention
3272,howard
1109,buisness
493,posdm
4165,malwai
2435,rahul
2929,vendors
527,damage
3303,execute
1549,brightness
1360,screw
1812,ear
1437,wps
3763,maxp
3672,materials
1764,timesheets
2675,aec
1883,outstanding
2100,james
2199,befc
472,produce
76,need
588,display
3090,borkar
773,dashboard
1316,etc
2874,aug
3410,sapsap
2492,community
1411,protection
2227,lert
743,behalf
1756,real
3845,ggant
39,connection
1884,reminder
3169,denise
3722,roclxdev
1731,clients
1076,possible
3389,operational
1593,trouble
1786,delete
2563,specific
1879,bags
1144,insert
1647,tmv
4252,pretupsvar
2690,promotional
1646,atm
255,manager
2527,lamsapvp
1007,advantage
594,performed
1620,upgrade
1622,deployment
3380,stations
2341,plastic
4049,seychelles
184,malfunction
1762,recognized
3743,promote
3025,ice
1378,randomly
1673,borde
2839,shah
130,india
3182,watch
860,porti
2469,workig
809,leisha
3221,forwarding
2730,taxes
2286,mcn
700,work
2157,cubic
3906,impact
1563,rights
1888,light
2778,domestic
2500,angelica
4061,dbdata
1191,lamstsvd
240,soar
2305,works
2133,mitel
3396,adriana
663,website
3994,produpd
1368,passwor
4136,ictarchive
476,expire
2011,yera
141,like
657,thombre
2507,recruitment
3579,market
3910,archivelog
3538,alignment
3049,murillo
1887,scannerg
3349,providing
389,ladsappp
4186,tboams
1105,sunk
3947,iteration
1271,beeping
2830,ware
1715,fiel
3926,directed
2317,replying
3482,rsync
1853,latmdbqaold
1438,programs
1171,units
4093,shareddata
3106,toners
353,invalid
1765,execution
2160,requesthp
285,program
1145,tables
1893,ethernet
780,business
2767,palanisamy
0,retrieval
3805,raw
636,archana
247,field
3606,xtend
2221,persist
2526,daddd
2467,laepsmvp
3436,activities
4173,nrtrde
2426,increase
2558,lack
188,admin
3551,pool
16,master
1657,storealert
759,debit
270,reflect
4134,kiwi
419,sam
674,cannon
2716,buzzing
977,lahjvovq
2206,complaints
2980,wit
2684,suneetha
1420,conneting
2007,wron
2623,temperature
746,bailer
1537,tellemate
2741,ktmsdcvp
3729,amflx
1675,rma
2582,barrios
4221,vio
2332,labelos
1050,kiosk
3839,pbo
1971,tertiary
2410,ben
3173,transfered
2468,accesss
2943,dismissed
1706,cyan
138,add
4175,wsg
3076,operate
2947,approvals
2425,devfslv
2082,ciara
2458,wait
4144,smsc
1157,jones
2359,mary
3543,bex
3015,patranabis
3476,viswanathan
876,cayetano
1543,white
513,casrg
3570,ticketing
2962,corrective
2113,vault
942,called
3849,sqr
477,kunal
3400,patricia
2651,year
3478,mss
3635,harshal
3510,goods
1852,paid
2560,kteptnbq
2701,charges
2465,jade
3192,excell
4023,tanzania
4308,premium
1347,cucumbers
3795,solutions
331,unknown
149,detail
3903,oam
3689,bitest
3263,connector
562,ongoing
3405,jesus
2771,varoon
1444,came
2352,sanchez
3885,solfissetup
604,physically
3457,payload
2903,ktf
1659,usage
4266,tboin
13,hpipro
1037,encryption
4059,ebill
4146,varlog
2395,labeldb
185,reflected
2480,alot
2595,suwarnkar
4017,swappctused
3901,grafana
2728,diane
3433,cogs
2986,unlcok
3648,ist
642,explorer
3360,efren
3129,technical
3197,signs
3369,important
2719,selling
2488,south
2266,networks
585,elearning
597,unlocked
1885,counts
211,launching
3820,actionable
3552,built
3430,termination
2229,mcxxxx
1342,scheduling
3057,transpoll
1747,qty
1725,hugo
1022,restaring
3384,frank
1986,silverlight
4259,bundles
2077,labelnew
1063,dvr
2758,foods
3010,nopt
2193,vocollet
3223,taskbar
2372,jaydeep
2390,respond
888,subject
3492,hdp
3066,workload
3701,peoplesoft
1321,yesterdays
1900,try
2747,reboots
2240,updaing
2101,ramdat
3829,setups
3392,minimum
1732,roles
2667,turns
1898,backups
2397,ceace
1580,picking
3314,replenish
370,logon
2365,insurance
592,drop
959,dept
3038,paul
2224,reponding
1967,laepsmbp
2642,deskphone
808,pcp
1320,copies
864,bods
3717,axle
33,wise
2898,cantalopes
3002,bimbo
1287,belt
1889,red
3095,huerta
3469,ismail
1122,printers
3702,obieeprd
1526,cpn
779,froze
3300,pratapsinh
3359,aceves
2355,activity
1394,gui
220,urls
3840,chmf
1227,teller
4238,tzarchive
3190,avocado
3586,edson
696,ite
2183,kaspersky
3955,tooling
510,vigil
3355,native
1439,early
2960,fecfdb
3633,req
2378,floor
1435,electrical
710,counter
4305,downdrc
395,properly
788,initialized
1857,ktevappd
1088,direct
1487,harris
3085,extention
815,asking
1696,laepgrbp
3779,wolc
833,import
2409,bell
54,trigger
2729,lilian
169,file
3653,isservice
2605,reactivated
4092,svwsvwprdb
167,action
3977,failover
3935,oamprd
2702,fabric
1838,unknow
1936,chauhan
1703,tlogs
814,single
2797,looking
675,mfdn
3016,regsiters
2530,away
3029,entercash
2004,points
2053,months
3477,sivaprakash
306,connecting
2298,backoffice
2404,fade
1926,installed
2143,valentines
3987,orgs
3328,september
1757,niagara
2396,mech
2388,parts
1460,quiz
3776,analyzer
3178,accountant
4029,nigeria
4228,ransomware
3123,vanessa
1568,lmspassword
2897,transcation
1894,camara
1277,visio
3765,bulletins
2144,console
3596,manikandan
507,sql
3115,ordered
333,ping
1851,pcpjava
3786,max
1143,archive
2892,erica
2106,observed
2380,payorll
3589,amanda
2306,martin
1938,locks
2265,cancell
2871,shopping
2498,michael
1985,loud
3365,flow
2713,processes
3601,supplier
2834,tcp
3860,establish
2806,partial
3181,dan
3325,pereida
551,card
119,function
863,loaded
121,tool
152,use
1639,shiftclose
1345,self
343,offline
3327,irene
1958,losing
2020,letters
3114,ospf
372,batch
1834,winter
972,deli
3188,promoted
1414,title
2319,unused
4265,redhat
2318,handhelds
3505,israel
845,charging
2252,digits
2400,npm
3712,whqlx
4298,eol
2301,contacting
4033,gabon
75,issue
761,laser
3256,polling
3133,rules
2590,logistics
665,eft
601,hernandez
3069,lamsmqpp
1592,showroom
4100,mnt
363,replace
3731,signon
2866,lamscspd
2003,success
3238,excess
2628,employeed
3800,con
3419,dls
666,amrita
3442,catherine
159,issues
1179,ringing
1619,issuerecall
1949,dollars
2437,activating
2009,connections
4190,alertkey
3674,deeanna
415,payroll
1722,forms
253,creation
3693,etl
12,data
3540,integration
1315,ktmstsvd
2067,amit
3061,zoomed
638,turning
1608,daforce
2958,diana
1669,calling
1499,model
19,running
386,credentials
208,ora
3954,oamoid
3264,qrfc
1262,concerns
2387,object
1176,lawgnwvp
739,trust
3895,xeeva
846,grant
2384,attachment
1356,piece
2753,firts
2027,miryana
357,hit
1924,google
2996,electric
3990,arsla
3297,suite
3780,incremental
644,cartridge
3585,susanna
291,poor
2145,candy
2146,valentine
1214,garwhtc
2150,extra
3339,disks
664,microphone
2678,outbound
4057,oemdata
2288,mohammed
3830,tcmd
3670,cron
2037,amp
2090,valles
3628,separate
422,odm
3166,tasks
2123,acccess
1944,brands
3388,gomathi
1844,azure
426,cars
742,boarding
1406,bcd
2687,labelbackup
800,journal
4170,unicadb
2843,chris
1146,fecfae
2695,sarath
52,minute
3262,technician
1121,government
1536,pinter
1974,speakers
641,laotapvq
1496,freeze
1794,containers
3357,human
2994,shots
2307,imaged
1705,delayed
1062,slownes
3299,visible
3213,unblock
206,blocking
4088,synmantec
1826,allow
1718,logo
2928,frontier
2594,santosh
4139,unica
3642,instances
441,scaner
893,kpi
2248,banana
1956,idera
1211,walker
2242,ffid
3778,dicv
105,jobs
668,ouexpired
1733,universal
1103,pending
2112,enterprise
399,rate
2081,antena
3560,saleem
402,tax
3277,carla
2295,trickledown
4104,kannel
2699,excessive
1000,cabinet
1504,eror
2573,syn
2137,insight
110,phase
1323,stand
1830,firefox
1978,lacsdbpdsql
365,push
3824,generating
1147,enter
3208,ctc
2012,jesses
3709,trmf
1112,papers
2311,passwrod
2159,pritner
1335,itsm
3472,source
164,reach
1266,suspended
2214,installing
49,cause
4187,tbosim
1114,screens
2102,characters
1247,networking
1904,terminated
480,close
3613,storesinc
2739,ebd
1385,adding
3152,august
326,versions
1654,posatm
1115,swapped
2335,garay
2801,requires
3087,voids
2609,rese
