0,
1,
2,express d
3,have
4,have
5,have
6,
7,t be on
8,pc
9,
10,
11,
12,sm any credential
13,r be
14,on ladsappp be
15,sm
16,
17,
18,bo properly
19,
20,
21,boc vigile
22,
23,
24,r be
25,tc
26,
27,e
28,r
29,
30,
31,
32,hard
33,
34,
35,r
36,
37,
38,r
39,
40,r
41,
42,
43,r
44,
45,r be
46,
47,
48,
49,e
50,up
51,
52,er
53,
54,no on
55,
56,r
57,
58,car
59,
60,on
61,
62,po to
63,as
64,r
65,bo
66,vmbackupnew on
67,to see pallet
68,r
69,r
70,lm passowrd
71,r
72,be
73,r
74,r to
75,be blank
76,r and
77,be
78,r
79,
80,
81,be
82,on ktadfsvp be p
83,on be only
84,r be out night
85,be
86,have
87,have
88,be let
89,permisson
90,r be
91,be
92,
93,r do
94,
95,
96,have
97,off this be every on
98,
99,be
100,r be
101,be
102,issuenot
103,be
104,be large icon
105,
106,be
107,po in
108,r
109,be
110,be
111,be
112,r be as mic
113,be
114,force ending
115,r
116,e
117,
118,r
119,be
120,be
121,fl
122,r
123,z on
124,with produce
125,on be p
126,be over
127,in
128,in
129,kunal vora be to in or
130,e
131,
132,
133,be
134,a -PRON-
135,on be p
136,off
137,
138,r be
139,be
140,
141,be to
142,on
143,keyboard to out
144,be
145,
146,no district region
147,er
148,on or hh
149,in or
150,
151,on be p
152,regnot to telnet to below ip
153,on azsxsadonlycom be
154,
155,t be on
156,on dev ktloapmtadonlycom be
157,sqldm warning hj monitoring in txmlimportndn table on ktcsdbpdhjpdsql
158,to
159,
160,
161,black
162,
163,shipment delivery until today
164,on be p
165,on
166,have
167,from to
168,
169,
170,to from bo
171,bo
172,
173,david shaw be to in or
174,
175,backupfailure in lanffspp
176,
177,
178,pc no
179,puch
180,bo
181,to verify i
182,sm
183,
184,bo
185,if enable
186,
187,r
188,reimage bo
189,
190,r
191,on be p
192,
193,
194,
195,e
196,
197,on qa be
198,
199,
200,e
201,up
202,in or dulce manzano
203,in or virrueta
204,in or miguel jurado
205,this feature require to be to a
206,in or marvin
207,to export a to usb
208,on be p
209,
210,bo coach
211,r
212,
213,on to
214,bi launch
215,e
216,virus
217,
218,w
219,e
220,
221,on be
222,w
223,
224,
225,w
226,trace port in commerce warehouse
227,
228,rg
229,
230,
231,
232,
233,
234,e
235,e
236,on rg
237,to a on
238,e
239,
240,e
241,
242,
243,
244,lm
245,
246,e
247,completely
248,kav
249,cutom
250,e
251,rg
252,
253,
254,on
255,to i
256,on be p
257,
258,on be
259,ongoing
260,lm sm
261,e
262,be dispatch a tech to troubleshoot
263,ecc environment
264,
265,
266,rg
267,enterance be
268,r
269,w e
270,be appear
271,on
272,in backroom malfunction no visual
273,up
274,bo
275,place
276,reboot
277,
278,i to
279,er
280,
281,bo
282,nvr room be
283,
284,database on
285,
286,
287,
288,
289,
290,lm
291,be
292,
293,
294,hh
295,
296,
297,r and
298,
299,
300,lm
301,to timesheet
302,
303,casxsadonlycom be
304,to pt
305,
306,on be
307,
308,
309,
310,to
311,to box
312,
313,be
314,
315,be
316,disabe
317,e
318,
319,
320,be
321,
322,assistant
323,e
324,
325,lm
326,unlocked
327,be
328,
329,lm
330,
331,
332,
333,
334,
335,
336,
337,
338,no dial tone
339,temp cynthia hernandez role to ssc hr admin
340,
341,be
342,i be
343,e
344,be
345,be miscount
346,r
347,assistan
348,garfield dc idf switch be
349,on
350,
351,
352,be
353,be
354,old
355,be
356,
357,e
358,bo operate
359,text username and
360,r do
361,re
362,on be p
363,on be p
364,to be
365,
366,alll be really
367,
368,
369,
370,be
371,to
372,be
373,be
374,end
375,be
376,r be
377,be
378,r when try to buy
379,tc disconnect
380,on be
381,be
382,be
383,to
384,too
385,r
386,in queuereaderappvalidationcsv spreadsheet
387,on
388,be
389,r be
390,on be p
391,
392,to activate on
393,
394,r
395,
396,to test never pop up
397,
398,over in
399,
400,
401,
402,
403,
404,
405,z on
406,er
407,be off on
408,
409,on
410,be
411,txsxs be
412,archana devi be to in or
413,t be on
414,
415,
416,t be on
417,on
418,
419,sm
420,
421,to in to
422,on qa laotapvq c ff be
423,
424,explorer page
425,
426,
427,with
428,to z on
429,rg and
430,
431,wire or hang from side
432,r be
433,name or
434,
435,
436,ip off
437,to
438,e
439,rg
440,in or brian bowker
441,to w
442,
443,
444,c d be
445,
446,
447,rg
448,r
449,
450,
451,on rg
452,mugdha thombre be to in or
453,e
454,
455,lm no longer on
456,
457,lm
458,
459,
460,disc
461,none of read chip from
462,
463,
464,
465,e
466,
467,
468,
469,or on
470,r off mode
471,on
472,bo i
473,
474,
475,on be p
476,lm e
477,
478,
479,
480,r
481,e
482,lm
483,r
484,r
485,fromer
486,r
487,
488,
489,
490,on be any type
491,e
492,
493,
494,
495,amrita kaku be and move to ouexpired accountsouexpir accountsdcaddconlydccom
496,be in
497,be in
498,rg
499,pvm
500,
501,no past minute
502,
503,roll uphave a
504,cannon mfdn
505,
506,
507,
508,
509,r
510,er
511,easter
512,
513,jan in outbox
514,machine
515,sick to submit
516,
517,
518,
519,sm
520,tc to in
521,
522,
523,to portal
524,half of be out could to
525,rg
526,bo
527,-PRON- bw on lamspsvp on
528,
529,
530,
531,session exceed
532,out
533,lm
534,r
535,sm
536,
537,o sm
538,r
539,
540,lm
541,to be
542,
543,on
544,e
545,to
546,from to
547,e
548,
549,
550,e
551,fw hj fill uow inv ndn on lacsdbpdhjpdsql
552,ite be
553,bop to
554,
555,be
556,
557,do
558,till be
559,wrong
560,
561,
562,e
563,blurry and zoom
564,
565,dayforfce
566,
567,r
568,be of -PRON- be inside of hole
569,e
570,
571,sm
572,
573,by pass counter
574,z on
575,
576,be
577,to i
578,
579,
580,pc
581,
582,
583,
584,
585,
586,e
587,
588,in
589,
590,
591,
592,be
593,calibration
594,bo pc supply be detect
595,o
596,out be
597,be to
598,be
599,on
600,be
601,
602,
603,have be
604,on be read
605,
606,battery motorola
607,be connectinng
608,e
609,
610,
611,
612,of be
613,
614,
615,be
616,on be p
617,to do out
618,
619,be
620,on be p
621,er
622,
623,
624,
625,bo be
626,with zero qty
627,on
628,
629,bo pc
630,e
631,
632,
633,
634,
635,be
636,
637,be as
638,on be p
639,
640,
641,
642,
643,on be p
644,be
645,
646,
647,to
648,be
649,be
650,to be
651,be
652,
653,
654,will on
655,
656,to showz in final
657,
658,r be
659,no at bo
660,
661,have
662,shrey maheshwari be to in or
663,to
664,
665,t be on
666,
667,payrll
668,
669,
670,to
671,
672,
673,
674,to
675,sm
676,bo be
677,be
678,
679,sm
680,
681,on qa azdmdbvq be
682,e
683,to save in
684,on sm
685,changestore
686,to performed
687,
688,sm
689,tc
690,to
691,
692,xlogic
693,
694,sm
695,e
696,
697,on ktmsjbpp
698,
699,on
700,r
701,pc tower
702,
703,allow to in or out
704,e
705,
706,
707,
708,
709,mariel paez in or
710,r
711,
712,
713,
714,e
715,e
716,
717,sometimes be be on
718,
719,e
720,r be
721,on
722,
723,on be on be
724,rg analog
725,trust relationship between this and domain
726,
727,dash
728,bo
729,on boarding
730,
731,e
732,on be on be
733,
734,
735,on xiomara to
736,to
737,
738,on orozco to
739,lm remove
740,
741,bailer loose
742,
743,
744,e
745,sapposdm be out
746,r
747,conmunication
748,
749,to i
750,grady lang in or
751,
752,e
753,
754,rg
755,
756,
757,r
758,on lanvapvp be p
759,e
760,
761,to from ciar
762,
763,
764,cell jon shoberg
765,w
766,
767,from to
768,
769,
770,to a
771,task
772,
773,e
774,
775,go through
776,
777,do
778,
779,to in central
780,
781,
782,slowness
783,rename
784,pc to pdf document
785,e
786,
787,to a debit on from
788,r
789,lm
790,
791,or
792,
793,hp laser jet pro mfp mdn
794,brother mfcldw
795,
796,
797,e
798,jamming
799,sm
800,
801,be to confirmation
802,e
803,
804,
805,
806,r and
807,without
808,random action result in grey out
809,-PRON- a
810,e
811,
812,
813,
814,
815,
816,be
817,e
818,lm
819,
820,hh cradle device be
821,and a
822,as
823,
824,to to dashboard
825,
826,
827,
828,cashdoor be
829,e
830,
831,be on
832,
833,
834,
835,
836,
837,
838,
839,instance be
840,
841,be
842,
843,
844,
845,
846,be
847,be blue
848,
849,be
850,e
851,be
852,
853,be on and be
854,e
855,be
856,dc cctv review
857,e
858,
859,be
860,e
861,be
862,bo be
863,be
864,
865,
866,
867,
868,e
869,be
870,
871,
872,
873,e
874,date
875,
876,be accept
877,
878,
879,on
880,too
881,ceredian
882,be
883,mark but still on a regular
884,
885,be
886,be
887,
888,e
889,
890,
891,e
892,to to hj qa db
893,on be p
894,
895,on be
896,after
897,be
898,high jump
899,
900,
901,
902,
903,
904,be
905,dayforcepassword
906,
907,
908,
909,
910,
911,
912,be
913,
914,dayfordce
915,be
916,be
917,to do on
918,to
919,be
920,initialized
921,
922,
923,z on
924,to
925,to do in
926,to do in
927,to do in
928,on
929,over ad
930,to do on
931,to
932,to
933,
934,have
935,on be p
936,
937,
938,
939,
940,to
941,on laotapvp be p
942,on be p
943,
944,t be on
945,
946,on be p
947,to abort
948,
949,
950,
951,
952,
953,stanley automate notification
954,
955,plan
956,
957,to a
958,and
959,
960,on lm
961,
962,
963,
964,be to
965,
966,to an incident
967,on
968,from to
969,
970,
971,
972,
973,rg
974,twice by accident
975,r be
976,e
977,
978,to journal
979,laud have in hour
980,e
981,to
982,
983,transnet tricklecritical isare
984,hh
985,
986,point to any of
987,
988,
989,lm
990,
991,
992,r
993,pcp
994,leisha snead be to in or
995,to i
996,
997,rg
998,to up -PRON- availability on
999,e
1000,e
1001,hh asset
1002,on
1003,
1004,
1005,r be
1006,e
1007,e
1008,e
1009,
1010,and
1011,e
1012,rg on
1013,e
1014,
1015,lm
1016,
1017,
1018,
1019,and
1020,
1021,by mistake
1022,
1023,r fine
1024,
1025,
1026,passwrd
1027,tr
1028,e
1029,
1030,
1031,e
1032,
1033,er
1034,e
1035,
1036,to any of on any
1037,in background
1038,
1039,r on after a
1040,
1041,e
1042,
1043,verification nabisco single oreo
1044,pc
1045,in
1046,audit ask about a deposit
1047,e
1048,
1049,optimization
1050,be to refund
1051,connectivity
1052,
1053,in
1054,
1055,van nuy
1056,to
1057,lm
1058,pre start
1059,
1060,
1061,on
1062,in
1063,
1064,
1065,to in to
1066,to
1067,in
1068,e
1069,rg
1070,
1071,unexpectedly
1072,
1073,
1074,
1075,pushpendra in or
1076,
1077,adjustment
1078,
1079,to sing on
1080,be to hrs on
1081,ticket import code
1082,have
1083,rg
1084,
1085,x logic retention policy
1086,r and
1087,
1088,e
1089,
1090,
1091,
1092,to
1093,
1094,-PRON- on
1095,
1096,on a boot
1097,up
