0,user kumar problem reported
1,user not responding auto closing
2,closing ticket
3,problem reported new system
4,check project end date extended regards
5,changes reflecting check tomorrow regards
6,problem reported
7,mail dropped contact march issue resolved closing
8,sap update know issue resolved
9,new profile issue resolved closing
10,issue closing
11,user not responding closing
12,resolved
13,user problem reported
14,user not responding auto closing
15,day service connect ticket
16,day service connect ticket
17,setting configured outlook working fine closing
18,user not responding auto closing
19,
20,requested members processed
21,report shared
22,user not responding auto closing
23,user problem reported need
24,user laptop bag adapter tower store
25,user not responding auto closing
26,user not responding auto closing
27,user not responding auto closing
28,not concern check issue application kindly contact
29,user not responding auto closing
30,user not responding auto closing
31,user not responding auto closing
32,resolved working file con
33,user migrate office mailbox kindly wait
34,user not responding auto closing
35,user not responding auto closing
36,user not responding auto closing
37,user update issue user
38,user not responding auto closing
39,access enabled mail
40,user not responding auto closing
41,user not responding auto closing
42,update closing ticket free contact sap issue
43,sap update know issue resolved
44,user not responding auto closing
45,user not responding auto closing
46,user problem reported
47,kindly log request new laptop path
48,control resolved issue closing
49,issue closing
50,user not responding auto closing
51,delay laptop released closing ticket
52,day service connect ticket
53,free contact sap related issues closing
54,request share office kindly configure outlook
55,issue got resolved closing
56,user log chrome
57,issue resolved closing
58,user not responding auto closing
59,user not responding auto closing
60,user not responding auto closing
61,user not responding auto closing
62,user not responding auto closing
63,keyboard issue replaced keyboard found working fine closing
64,user not responding auto closing
65,user not responding auto closing
66,user not responding auto closing
67,update need visit laptop centre user got closing help
68,update know
69,outlook issue resolved closing issue
70,user not responding auto closing
71,user not responding auto closing
72,user not responding auto closing
73,user not responding auto closing
74,auto closing request
75,user not responding auto closing
76,problem antivirus enable usb port pls check closing
77,issue resolved closing
78,resolved
79,spare replaced working fine closed
80,know issue
81,closing ticket end regards
82,user not responding auto closing
83,end date extended check free contact sap
84,user not responding auto closing
85,user not responding auto closing
86,user not responding auto closing
87,dont flow making tool software
88,user not responding auto closing
89,user not responding auto closing
90,user not responding auto closing
91,user not responding auto closing
92,user not responding auto closing
93,user not responding auto closing
94,user not responding auto closing
95,user not responding auto closing
97,user not responding auto closing
98,user not responding auto closing
99,user not responding auto closing
100,increased cdrive space found working fine closing
101,user not responding auto closing
102,user problem reported
103,found message sent
104,closing user
105,user not responding auto closing
106,configured
107,configured outlook profile mail working fine
108,user not responding auto closing
109,user not responding auto closing
110,issue resolved
111,kumar problem reported mails
113,user problem reported instal
114,issue resolved closing ticket regards
115,user update issue resolved closing user
116,check end date extended regards
117,user problem reported lync
118,user problem reported system
119,actual issue statement showing proxy issue steps performed resolution
120,kindly symantec endpoint
121,configured outlook found working fine closing
122,problem reported lync issue
123,user not responding auto closing
124,issue resolved closing
125,user update issue resolved closing user
126,user not responding auto closing
127,tried mobile confirmed mail trace drop
128,direct access configured closing ticket
129,outlook configured closing ticket
130,user not responding auto closing
131,user not responding auto closing
132,issue
133,user not responding auto closing
134,server settings outlook working fine closing users
135,fedex label created shipping laptop closing
136,resolved
137,resolved
138,laptop finished warranty period not replace
139,user not responding auto closing
140,ravi cleaned saved passwords deleted temp files laptop
141,user not responding auto closing
142,issue resolved closing
143,user not responding auto closing
144,understand issue resolved closing
145,understand issue resolved closing
146,understand issue resolved closing
147,understand issue resolved closing
148,user not responding auto closing
149,user not responding auto closing
150,user problem reported
151,user issue log help
152,issue resolved issue issue let visit laptop
153,user not responding auto closing
154,user not responding auto closing
155,issue resolved closing
156,laptop spare not available user raise request
157,user closing
158,user not responding auto closing
159,user not responding auto closing
160,user not responding auto closing
161,user not responding auto closing
162,update know issue
163,user not responding auto closing
164,check
165,closing ticket kindly close
167,adding lync host working closing ticket user
168,configured closing ticket user
169,user problem reported
170,invalid reopen user user new laptop laptop
171,user system control configured outlook issue got resolved closing
172,user not responding auto closing
173,resolved
174,outlook issue fixed closing ticket
175,user not responding auto closing
176,user reset password closing request
177,kumar laptop center problem reported
178,user not responding auto closing
179,user not responding auto closing
180,user not responding auto closing
181,issue closing
182,user not laptop center
183,user not responding auto closing
184,update closing ticket free contact sap issue reg
185,working ticket issue closing
186,user not responding auto closing
187,user not responding auto closing
188,mail chain closing ticket regards
189,free contact sap related issues closing
190,free contact sap related issues closing
191,user not responding auto closing
192,kumar laptop center problem reported
193,kindly send mail printer paper
194,user problem reported
195,update closing issue raise new
196,user not responding auto closing
197,user confirmed close
198,user not responding auto closing
199,user not responding auto closing
200,user not responding auto closing
201,user not responding auto closing
202,update know issue
203,user update closing
204,user problem reported
205,problem reported lync issue
206,user not responding auto closing
207,user problem reported
208,user problem reported
209,user password reset closing ticket
210,soft configured checked closing ticket
211,user not responding auto closing
212,checked user issue resolved use
213,kindly raise new software request path
214,form problem reported laptop working
215,user not responding auto closing
216,checked lync meeting worked fine networks client network
217,checked working client laptop unable configure outlook step
218,server error resolved check
219,user request transfer data laptop closing user
220,issue resolved closing user
221,user problem reported
222,user not responding auto closing
223,check project changed regards
224,issue resolved
225,user not responding auto closing
226,user not responding auto closing
227,user not responding auto closing
228,issue resolved
229,spare
230,spare received
231,update mail
232,user not responding auto closing
233,user not responding auto closing
234,user not responding auto closing
235,user not responding auto closing
236,mohammed laptop center problem reported
237,based closing regards
238,ticket not
239,issue resolved closing user
240,issue resolved closing user
241,day service connect ticket
242,user not responding auto closing
243,understand issue resolved closing
244,problem reported office
245,update closing ticket free contact sap issue reg
246,free contact sap related issues closing
247,user not responding auto closing
248,replaced closing
249,tried reach laptop not available mail
250,emails getting client
251,user not responding auto closing
252,sap update know issue resolved
253,user not responding auto closing
254,not possible dates
255,system control configured office account working fine closing
256,resolution provided closing user
257,user not responding auto closing
258,user not responding auto closing
259,problem reported issue
260,user update issue resolved closing user
261,issue closing ticket
262,contact visit laptop centre
263,user update issue resolved closing user
265,user problem reported
266,rohit problem reported
267,rohit problem reported problem
268,problem reported internet not work
269,user not responding auto closing
270,user update issue resolved closing user
271,issue resolved closing user
272,user update closing user
273,battery replaced closing ticket
274,user not responding auto closing
275,resolved check
276,find software kindly download software instal
277,day service connect
278,day service connect ticket
279,update know issue
280,update know issue
281,closing ticket
282,login click forgot
283,user didnt end days closing
284,user not responding auto closing
285,checked kind logs account getting lockout
286,personal laptop policy closed configure
287,user not responding auto closing
288,cannot provide code kindly check manger project
289,issue resolved
290,know issue fixed closing regards
291,closing ticket
292,free contact sap related issues closing
293,gaurav changes check regards
294,free contact sap related issues closing
295,user not responding auto closing
296,access enabled closing
297,issue resolved closing ticket
298,hub room closing
299,issue fixed closing
300,vendor update spare not available laptop kindly raise
301,problem reported vpn issue resolved problem
302,user not responding auto closing
303,kindly check password
305,phone understand issue resolved
306,issue closing
307,problem reported laptop
308,problem reported sound
309,user not responding auto closing
310,day service connect ticket
311,mail profile configured user
312,resolved
313,resolved
314,issue resolved closing
315,mailbox office wont able change password expired
316,tried reach voicemail kindly
317,user problem reported
318,laptop bag store location tower floor
319,user tools location updating printe
320,user closing user mail
321,system control resolved issue persist drop mail
322,issue closing user work
323,problem reported issue
324,user problem reported
325,user got end
326,user problem reported
327,issue resolved
328,user not responding auto closing
329,kindly contact asset laptop eol status changing
330,doesnt support soft like manager software
331,problem reported outlook issue resolved problem
332,user not responding auto closing
333,user not responding auto closing
334,user not responding auto closing
335,user not responding auto closing
336,laptop outlook end service category
337,update bios device drivers touch pad working laptop working closing
338,user raise ticket user not able access
339,hardware asset management laptop
340,user not responding auto closing
341,mohammed laptop center problem reported
342,mohammed laptop center problem reported
343,user kumar problem reported
344,sap business objects data standard software
345,
346,checked laptop need replace battery resolved issue replacing battery found
347,shared office install closing
348,user issue resolved closing
349,system control working fine
350,user kindly raise asset release request
351,usb mouse not working kindly raise
352,user problem reported
353,user problem reported vpn issu
354,issue resolved laptop slowness
355,request model outlook
356,issue resolved closing
357,display changed closing
358,problem reported issue resolved
359,understand issue resolved closing
360,user not responding auto closing
361,user not responding auto closing
362,update know issue
363,user not responding auto closing
364,closing ticket
365,response days closing raise new
366,closing ticket
367,update know issue
368,user not responding auto closing
369,user not responding auto closing
370,issue fixed check regards
371,user not responding auto closing
372,know issue
373,know issue
374,know issue
375,mail know issue resolved
376,issue resolved regards
377,access
378,access enabled
379,user not responding auto closing
380,problem reported vpn issue
381,user not responding auto closing
382,project closed check hrs reflect
383,closing ticket
384,user not responding auto closing
385,new requirement raise fresh service ticket employee
386,closing
387,user not responding auto closing
388,user problem reported
389,behalf user closing
390,extended till
391,removal tool machines
392,help
393,user update issue resolved closing user
394,business area check regards
395,user not responding auto closing
396,kindly check project business area changed regards
397,update understand issue resolved changing
398,user not responding auto closing
399,mail concern asset follow mail sam
400,user not responding auto closing
401,form problem reported create pro
402,issue resolved
403,mail user able connect outlook closing
404,replaced battery found working fine closing
405,requested
406,user not responding auto closing
407,user not responding auto closing
408,duplicate closing
409,checked laptop need install resolved issue installing found
410,user problem reported
411,updated usb working closing users
412,user problem reported
413,user not responding auto closing
414,user not responding auto closing
415,user problem reported
416,control resolved issue closing based
417,checked requested regards
418,checked laptop laptop resolved issue replacing found
419,checked laptop issue found laptop charger not working resolved issue replacing
420,received spare user visit laptop center spare
421,mohammed laptop center problem reported
422,issue resolved closing ticket user
423,day service connect ticket
424,understand issue resolved closing
425,user not responding auto closing
426,know issue
427,user not responding auto closing
428,user girish problem reported need
429,day service connect ticket
430,understand issue resolved closing
431,issue resolved closing ticket end check
432,update know issue
433,know
434,problem reported outlook not work
435,user not responding auto closing
436,user problem reported
437,user not responding auto closing
438,antivirus working fine closing
439,user update issue resolved closing user
440,user not responding auto closing
441,user not responding auto closing
442,working issue update
443,user ticket plastic hardware
444,user problem reported
446,system control deleted temp files cookies closing
447,laptop charger working fine closing
448,invalid reopen closing pls reach asset
449,order end date project project not reflecting
450,understand issue resolved closing
451,update know issue resolved free
452,free contact sap related issues closing
453,user problem reported office
454,issue resolved closing
455,spare replaced closing
456,spare not available user requested care approved
457,device reachable
458,issue got resolved
459,checked process normal closing enable proc cpu
460,cpu utilization normal
461,checked cpu utilization normal
462,device reachable closing
463,issue resolved replacing
464,issue resolved
465,issue resolved
466,mail current
467,user not responding auto closing
468,user not responding auto closing
469,checked server physically not network issues
470,issue resolved
471,issue resolved
472,free contact sap related issues closing
473,end kindly check confirm access facing
474,tried times
475,anand given asset released employee asset
476,problem reported outlook issue
477,issue fixed closing user
478,checked antivirus resolved issue closing
479,user problem reported wifi
480,test ids created default ecc roles enabled
481,user update issue resolved closing user
482,address
483,user problem reported
484,user contact software closing
485,user problem reported antivirus
486,page opened month
487,restored closing
488,closing ticket
489,threshold crossed observed creating performance counter different
490,threshold crossed observed creating performance counter different
491,threshold crossed observed creating performance counter different
492,threshold crossed observed creating performance counter different
493,threshold crossed observed creating performance counter different
494,threshold crossed observed creating performance counter different
495,checked cpu normal closing bytes total bytes
496,power shut activity going shutdown
497,checked cpu normal closing processes
498,closing user
499,problem reported admin issue resolved problem
500,issue resolved note transferred
501,closing kindly mail sent
502,actual issue statement not opening steps performed resolution configured excel
503,spare replaced found working fine closing
504,phone issue resolved issue
505,problem reported new resolved
506,mac reservation got dhcp reservation user system
507,day service connect ticket
508,user not responding auto closing
509,update outlook working fine let know log fresh ticket
510,user issue got resolved closing ticket user
511,user not responding auto closing
512,user not responding auto closing
513,user problem reported
514,problem reported issue resolved problem
515,problem reported lockout issue resolved problem
516,issue resolved
517,issue resolved installing printer closing
518,access given closing case issue kindly mail
519,update support getting missing server
520,server emp closing
521,reinstalled configured profile outlook found working fine closing
522,checked user server reachable able rdp proc
523,checked server reachable working fine kindly find logs fyi
524,request access allowed closing
525,check confirm
526,user not responding auto closing
527,camera disabled
528,issue resolved user closing
529,user not responding called times user
531,user confirmed close closing raise new request
532,issue resolved closing
533,day service connect ticket
534,problem reported outlook issue
535,user problem reported desktop
536,battery received replaced user closing
537,issue resolved closing ticket user
538,transfered help desk check
539,update know issue
540,changes check application hrs
541,check hours regards
542,user not responding auto closing
543,user not responding auto closing
545,user update issue resolved closing user
546,user got end
547,user problem reported data
548,user dont new laptop shell not backup
549,based closing regards
550,changes based closing
551,user not responding auto closing
552,user not responding auto closing
553,user not responding auto closing
554,closing ticket
555,day service connect ticket
556,day service connect ticket
558,update closing ticket free contact sap
559,sap update know issue resolved
560,user not responding auto closing
561,user problem reported
562,user not replying user confirm close closing
563,user problem reported outlook
564,forwarding enabled user kindly check
565,incident
566,problem reported network set
567,user not responding auto closing
568,servers running fine
569,deleted unwanted profile file found closing
570,user problem reported
571,user problem reported
572,mohammed laptop center problem reported
573,issue resolved
574,issue resolved closing ticket user
575,printer users closed
576,printer users closed
577,vendor came fix hardware issue closing
578,replaced battery found working fine closing
579,user contact closing
580,user problem reported
581,user not responding auto closing
582,user not responding auto closing
583,sap update know issue resolved
584,user not responding auto closing
585,backend working issue previous ticket logged
586,closed trace cannot create
587,removed mail mail box
588,day service connect ticket
589,update know issue
590,device reachable weeks
591,utilization normal closing
592,checked cpu utilization normal closing enable
593,utilization normal closing
594,utilization normal closing
595,device reachable
596,checked switch cpu utilization report normal closing
597,utilization normal closing
598,checked device cpu utilization normal closing ticket
599,device reachable closing
600,device reachable cpu normal
601,cpu normal closing enable proc cpu cpu
602,cpu utilization normal closing ticket
603,checked cpu utilization normal
604,checked cpu utilization normal
605,checked switch cpu utilization report normal closing
606,checked device reachable
607,utilization normal
608,device cpu utilization normal closing ticket
609,device cpu utilization normal closing ticket
610,device reachable
611,checked device cpu utilization normal
612,cpu utilization normal
613,checked device reachable
614,cpu utilization normal closing enable proc cpu
615,device reachable closing
616,checked cpu utilization normal closing ticket
617,checked cpu utilization normal closing ticket
618,utilization normal closing
619,utilization normal closing
620,utilization normal closing
621,utilization normal closing
622,device reachable closing
623,device reachable closing
624,device reachable closing
625,device reachable closing
626,device reachable closing
627,device reachable closing
628,device reachable closing
629,device reachable closing
630,device reachable closing
631,device reachable closing
632,utilization normal closing
633,device reachable closing
634,device reachable closing
635,utilization normal closing
636,device reachable closing
637,utilization normal closing
638,device reachable closing
639,device reachable closing
640,utilization normal closing
641,port working fine
642,issue observed
643,device reachable closing
644,device reachable closing
645,mohammed laptop center problem reported
646,user didnt end days
647,device reachable cpu normal
648,device auto alert
649,checked activity going checked location itm
650,checked device activity got location itm wit
651,checked reachable working fine
652,issue device closing
653,checked device reachable closing
654,device reachable closing
655,checked not
656,checked device reachable closing
657,checked device reachable able login device
658,device reachable
659,checked device reachable closing
660,checked device reachable closing
661,device reachable
662,link int line protocol connect
663,checked mentioned port configured access vlan issue
664,checked port impact close
665,device reachable interface line protocol device
666,threshold crossed observed creating performance counter different
667,threshold crossed observed creating performance counter different
668,checked port access find
669,checked cpu utilization normal closing ctc
670,checked port access vlan
671,checked port access vlan closing int
672,checked port int
673,checked cpu utilization normal closing proc cpu
674,checked port access vlan int interface
675,checked cpu utilization closing proc
676,checked device interface checked location itm
677,device reachable weeks days minutes
678,checked device running fine closing ticket
679,working fine
680,shut port end kindly alert closing
681,device reachable
682,checked access port closing ticket
683,checked device reachable closing ticket
684,checked device reachable closing ticket
685,port management port closing
686,device reachable closing
687,utilization normal closing
688,checked device reachable access port closing
689,checked ports assigned closing alert enable port
690,checked device reachable working fine days hours minutes
691,checked not
692,device reachable closing
693,checked not configured switch
694,port found
695,checked link flapping device close ticket
696,device reachable cpu utilisation closing find
697,checked confirmed care device working fine kindly find
698,checked device reachable closing days hours
699,checked cpu normal normal closing
700,access port closing ticket
701,device reachable cpu normal
702,checked
703,checked cpu normal closing
704,device reachable closing
705,checked cpu utilization normal
706,checked cpu utilization normal
707,checked cpu utilization normal
708,device reachable auto alert
709,device reachable auto alert
710,device reachable auto alert
711,checked
712,
713,checked switch cpu utilization report normal closing
714,checked device cpu utilization normal closing ticket
715,checked device cpu utilization normal
716,device reachable auto alert
717,device reachable
718,checked device reachable
719,utilization normal closing
720,device reachable closing
721,device reachable closing
722,utilization normal closing
723,device reachable closing
724,device reachable closing
725,device reachable closing
726,device reachable utilization normal ticket
727,device reachable closing
728,device reachable closing
729,device reachable closing
730,device reachable closing
731,device reachable closing
732,device reachable closing
733,device reachable closing
734,device reachable closing
735,device reachable closing
736,device reachable closing
737,device reachable closing
738,device reachable closing
739,utilization normal closing
740,utilization normal closing
741,utilization normal closing
742,device reachable closing
743,device reachable closing
744,device cpu utilization normal
745,port working fine
746,alarm
747,cpu normal closing
748,cpu normal closing enable proc cpu cpu
749,cpu normal closing enable proc cpu cpu utilization
750,checked cpu normal closing enable proc
751,device reachable
752,checked device reachable closing
753,utilization normal closing
754,checked cpu utilization normal closing enable
755,device reachable closing
756,checked cpu normal closing
757,threshold crossed observed creating performance counter different
758,power shut activity going location location devices not
759,cpu utilization seconds minute
760,file system normal closing bytes available bytes
761,checked cpu normal closing enable
762,current utilization fine find result closing
763,device reachable
764,device reachable
765,device reachable pinging bytes
766,checked process utilization normal closing enable
767,
768,enable proc cpu cpu utilization seconds
769,device reachable closing
770,file system normal enable flash type crc
771,device reachable closing pinging
772,checked cpu normal closing
773,checked cpu normal closing enable proc
774,checked cpu normal closing enable proc
775,checked memory closing enable proc
776,checked memory utilization normal
777,checked cpu utilization normal
778,checked memory free enable proc mem memory
779,
780,user asset released store
781,device reachable
782,link connected route routing entry
783,user problem reported
784,user not responding auto closing
785,raise request new mouse
786,user closing ticket
787,user mail closing set
788,proxy changed closing user
789,user checked user issue resolved working fine
790,user install kindly drop mail closing
791,issue resolved
792,update issue
793,kindly check helpdesk screenshot
794,reinstalled working fine closing ticket user
795,user not responding auto closing
796,fwd mail closing
797,mohammed laptop center problem reported
798,raise new admin closing
799,spare got replaced closing
800,mohammed laptop center problem reported
801,day service connect ticket
802,user not responding auto closing
803,user not responding auto closing
804,closing ticket
805,user not responding auto closing
806,user not responding auto closing
807,changes end attach tool static
808,user not responding auto closing
809,user not responding auto closing
810,understand issue resolved closing
811,user not responding auto closing
812,free contact sap related issues closing
813,closing ticket
814,user not responding auto closing
815,closing ticket
816,user not responding auto closing
817,user not responding auto closing
818,not having sap access drop mail
819,tried reach couple times left kindly follow
820,user
821,asset cdc location pls correct location raise fresh request
822,duplicate request closing
823,duplicate request closing
824,request desktop format closing ticket
825,asset
826,user not responding auto closing
827,desktop not found
828,asset cdc location pls correct location raise fresh request
829,asset cdc location pls correct location raise fresh request
830,user not responding auto closing
831,asset cdc location pls correct location raise fresh request
832,asset
833,asset cdc location pls correct location raise fresh request
834,asset cdc location pls correct location raise fresh request
835,asset cdc location pls correct location raise fresh request
836,user closing
837,issue resolved installing cisco connect
838,user closing ticket
839,issue resolved replacing battery
840,user not responding auto closing
841,actual issue statement problem steps performed resolution reinstalled
842,issue resolved replacing battery
843,user not responding auto closing
844,problem reported printer paper jam
845,mohammed laptop center problem reported
846,user client machine machine installed office user
847,problem reported network issue
848,user battery receive
849,rohit problem reported not working
850,user update issue resolved closing user
851,asset cdc location pls correct location raise fresh request
852,asset cdc location pls correct location raise fresh request
853,actual issue statement steps performed resolution taken
854,actual issue statement lan steps performed resolution user
855,day service connect ticket
856,issue resolved user closing
857,user laptop eol outlook end service model user raise
859,user not responding auto closing
860,settings configured profile properly connecting fast
861,user laptop spare visit center replacement
862,issue resolved closing ticket user
863,user update working fine closing
864,user not responding auto closing
865,user not responding auto closing
866,user not responding auto closing
867,not concern not issue
868,user not responding auto closing
869,user not responding auto closing
870,user not responding auto closing
871,user not responding auto closing
872,user not responding auto closing
873,asset cdc location pls correct location raise fresh request
874,day service connect ticket
875,issue resolved
876,sap login access related issues queries kindly touch sap basis
877,user problem reported
878,vpn issue resolved issue reopened related
879,invalid reopen request sap vpn resolved working user reopened
880,user update issue resolved closing user
881,update closing issues kindly contact
882,checked issue issue found space drive resolved issue
883,day service connect ticket
884,user not responding auto closing
885,update closing ticket end
886,free contact sap related issue regards
887,closing ticket
888,closing ticket
889,closing ticket
890,user issue kindly raise new
891,user issue closing user
892,received waiting user replacing faulty spare
894,problem reported outlook issue
895,issue resolved closing user kindly verify
896,user problem reported
897,user problem reported
898,user request meeting unable launch certificate error installed
899,user not responding auto closing
900,check updated regards
901,dropped mail users system closing
902,asset cdc location pls correct location raise fresh request
903,issue resolved closing user
904,printer closing
905,asset cdc location pls correct location raise fresh request
906,closing regards
907,problem reported issue resolved pro
908,user not responding auto closing
909,issue resolved closing user
910,user issue got resolved closing ticket user
911,user singh problem reported
912,project closed check regards
913,user closing
914,mohammed laptop center problem reported
915,kumar laptop center problem reported
916,closing help drop mail
917,day service connect ticket
918,ticket cant processed vendor ticket battery
919,replaced battery
920,issue hardware
921,based closing close regards
922,day service connect ticket
923,day service connect ticket
924,day service connect ticket
925,free contact sap related issues closing
926,employee assignment extended till regards
927,closing ticket
928,know
929,issue
930,asset
931,mentioned ips given access tunnel
932,asset cdc location pls correct location raise fresh request
933,user not responding auto closing
934,user not responding auto closing
935,update know issue
936,spare replaced closed
937,access given firewall switch closing
938,user not responding auto closing
939,user not responding auto closing
940,user not responding auto closing
941,asset cdc location pls correct location raise fresh request
942,user not responding auto closing
943,user not responding auto closing
944,user not responding auto closing
945,laptop replaced closing
946,issue resolved closing ticket
947,issue resolved url working fine closing request
948,duplicate working
949,issue resolved software closing
950,issue resolved closing
951,user update issue resolved closing user
952,user not responding auto closing
953,asset released stores
954,kumar laptop center problem reported
955,user not responding auto closing
956,user not responding auto closing
957,problem reported resolved
958,lync installed working closing
959,user not responding auto closing
960,user not responding auto closing
961,check reporting correct check gal hours regards
962,kumar resolved issue kindly verify provide con
963,user not responding auto closing
964,user issue got resolved closing ticket user
965,user spare received laptop center cdc
966,kindly drop mail microsoft project
967,asset cdc location pls correct location raise fresh request
968,asset cdc location pls correct location raise fresh request
969,asset cdc location pls correct location raise fresh request
970,user not laptop center auto closing
971,user not closing
972,issue user
973,understand issue resolved closing
974,user problem reported
975,user not responding auto closing
976,raise new laptop request
977,day service connect ticket
978,user update closing
979,user update issue resolved closing user
980,user not responding auto closing
981,user not responding auto closing
982,user not responding auto closing
983,found inactive activity
984,user not responding auto closing
985,user not responding auto closing
986,problem reported outlook problem resolved pro
987,kindly contact asset related issue
988,user not responding auto closing
989,user not responding auto closing
990,user problem reported accoun
991,
992,user isolated printer access closing
993,user not responding auto closing
994,user recover mails recover deleted items user got mails closing
995,laptop center problem reported
996,reason changed check regards
997,issue resolved closing ticket user
998,issue resolved closing ticket user
999,issue resolved closing ticket user
1000,issue resolved closing ticket user
1001,day service connect ticket
1002,user not responding auto closing
1003,sending permissions given kindly check hours closing
1004,confirmed ticket closed
1005,user not responding auto closing
1006,form problem reported mouse pad
1007,form problem reported mouse pad
1008,user update issue resolved closing user
1009,form problem reported issue
1010,problem reported not working
1011,update closing ticket free contact sap
1012,user not responding auto closing
1013,found working fine closing con
1014,gaurav update closing ticket end regards
1015,user not responding auto closing
1016,free contact sap related issues closing
1017,project closed reflect hours regards
1018,user not responding auto closing
1019,gaurav update closing ticket kindly close ticket
1020,update closing issue raise new
1021,user not responding auto closing
1022,user not responding auto closing
1023,user not responding auto closing
1024,user not responding auto closing
1025,user not responding auto closing
1026,user not responding auto closing
1027,project closed check hrs reflect
1028,employee assignment extended till confirm
1029,user not responding closing issue not resolved kindly
1030,reinstalled configured user profile created closing
1031,user not responding auto closing
1033,asset released stores
1034,reinstall closing
1035,issue closing
1036,user not responding auto closing
1037,resolved
1038,closing ticket end
1039,incident reported network issue resolved
1040,user not responding auto closing
1041,user not responding auto closing
1042,extended
1043,checked requested closed regards
1044,user not responding auto closing
1045,user raise disk
1046,user need external hdd user create request
1047,user abdul problem reported
1048,issue got resolved closing ticket user
1049,user issue fixed closed
1050,issue resolved enabling lan port closing
1051,user not responding auto closing
1052,user not responding auto closing
1053,user not responding auto closing
1054,user not responding auto closing
1055,user not responding auto closing
1056,user laptop tagging pls check project project
1057,user not responding auto closing
1058,user not responding auto closing
1060,user not responding auto closing
1061,shared document password reset portal
1062,user not responding auto closing
1063,desktop released
1064,user not responding auto closing
1065,desktop released stores closing request
1066,user not responding auto closing
1067,received hdd user visit laptop center spare
1068,user not responding auto closing
1069,user not responding auto closing
1070,user not responding auto closing
1071,user not responding auto closing
1072,user not responding auto closing
1073,user not responding auto closing
1074,desktop released
1075,user not responding auto closing
1076,user not responding auto closing
1077,problem reported new system
1078,sent mail help details updated work
1079,user not responding auto closing
1080,problem reported new system
1081,sap update know issue resolved
1082,issue resolved
1083,user not responding auto closing
1084,request changes end
1085,phone project
1086,phone project
1087,user not responding auto closing
1088,understand issue resolved closing
1089,user update issue resolved closing user
1090,issue resolved closing user
1091,issue resolved closing
1092,closing
1093,issue resolved closing
1094,latest update closing verify provide
1095,check
1096,user password reset issue fixed closing ticket
1097,desktop release store
1098,user not responding auto closing
1099,user not responding auto closing
1100,free contact sap related
1101,reinstalled
1102,kumar laptop center problem reported
1103,asset follow path want
1105,user not responding auto closing
1106,closing user not desk days
1107,wifi connect login accessing network outside wifi not
1108,provided mail user send mail asset
1109,request cancelled asset raise fresh request
1110,user problem reported
1111,user singh problem reported
1112,paul not related issues queries kindly
1113,sending access enabled kind
1114,user log requisition service
1115,resolved problem closing
1116,asset not found mentioned raise fresh request correct location
1117,asset release stores
1118,issue resolved closing ticket
1119,enabled
1120,access enabled updated
1121,enabled updated
1122,access enabled updated
1123,user not responding auto closing
1124,issue resolved closing user
1125,user pls request correct location details
1126,user problem reported
1127,user not responding auto closing
1128,user not responding auto closing
1129,issue resolved closing ticket user
1130,checked system bios updated working fine closing user conf
1131,user not responding auto closing
1132,spare received closing user
1133,user request keyboard came come laptop center fix closing
1134,user not responding auto closing
1135,user not responding closing ticket
1136,user asset release
1137,user not responding auto closing
1138,update closing
1139,user outlook working fine closing case need
1140,user not responding auto closing
1141,update issue resolved issue resolved
1142,user not responding auto closing
1143,update closing ticket kindly close ticket
1144,user not responding auto closing
1145,user not responding auto closing
1146,day service connect ticket
1147,closing regards
1148,system control resolved issue closing
1149,doc user raise software request
1150,required laptop plastic parts submit laptop replace
1151,raise release request providing asset number
1152,rohit problem reported
1153,user update closing
1154,user not responding auto closing
1155,user not responding auto closing
1156,user not responding auto closing
1157,user not responding auto closing
1158,user not responding auto closing
1159,user not responding auto closing
1160,tried times
1161,user not responding auto closing
1162,rahul problem reported network issue kind
1163,rahul problem reported hardware queries
1164,user update issue resolved closing user
1165,day service connect ticket
1166,tried reach time response issue
1167,user problem reported java issu
1168,problem reported new system con
1169,desktop release store
1170,access user enabled
1171,access enabled user kindly check hour closing ticket
1172,user not responding auto closing
1173,update closing ticket free contact sap
1174,approved review project
1175,issue resolved
1176,user checked user issue resolved working fine
1177,problem reported mail client problem
1178,raise ticket application status
1179,user not responding auto closing
1180,issue resolved status changing user confirm kindly close
1181,user asset release
1182,owner ship
1183,user not responding auto closing
1184,issue resolved status changing user confirm kindly close
1185,issue
1186,user not responding auto closing
1187,user vignesh problem reported
1188,user request updating correct
1189,laptop not warranty raise request new laptop way
1190,kindly contact support
1191,user office closing
1192,user not responding auto closing
1193,user asset release
1194,user not responding auto closing
1195,user problem reported
1196,issue closing duplicate
1197,user not responding auto closing
1198,user not responding auto closing
1199,user not responding auto closing
1200,changes able perform
1201,actual issue statement hardware issue steps performed resolution issue desktop
1202,reinstalled machine closing
1203,issue resolved status changing user confirm kindly close
1204,not support client laptop closing
1205,user not responding auto closing
1206,user install closing
1207,user ticket closed
1208,problem reported outlook issue
1209,user given asset released employee
1210,user problem reported resolved
1211,issue resolved closing ticket
1212,user hardware asset management asset
1213,note enabling login lead
1214,user resolved closing user
1215,spare minute providing support
1216,user update closing
1217,user able login closing user
1218,raise ticket status changing use
1219,user vignesh problem reported
1220,free contact sap related issue regards
1221,issue resolved
1222,software contact queries reach
1223,issue resolved clossing
1224,user not responding auto closing
1225,user not responding auto closing
1226,user not responding auto closing
1227,user not responding auto closing
1228,user kindly asset released
1229,closing ticket
1230,kindly contact
1231,actual issue statement user steps performed resolution created user
1232,user asset release
1233,user not responding auto closing
1234,user vignesh problem reported new
1235,issue resolved status changing user confirm kindly close
1236,user problem reported
1237,desktop released
1238,activated office
1239,user not responding auto closing
1240,rohit problem reported problem
1241,user not getting response tried reach lync
1242,sap gui installed closing ticket user
1243,user vignesh problem reported config
1245,ticket try reach cant reach
1246,user not responding auto closing
1247,actual issue statement problem steps performed resolution reinstalled
1248,actual issue statement driver issue steps performed resolution driver reinstalled
1249,user not responding auto closing
1250,issue resolved
1251,confirmed user resolution issue closing ticket
1252,issue resolved closing ticket regards
1253,user assets employee need release asset
1254,issue resolved status changing user confirm kindly close
1255,problem reported account lockout
1256,user asset release
1257,user ticket closed
1258,issue resolved
1259,user not responding auto closing
1260,user update closing
1261,issue taken care resolved user
1262,user not responding auto closing
1263,printer installed working fine closing
1264,based closing regards
1265,printer installed working fine configure printer session kindly con
1266,issue resolved status changing user confirm kindly close
1267,mail attached utilization attached
1269,user not responding auto closing
1270,check
1271,user not responding auto closing
1272,issue resolved closing user
1273,user not responding auto closing
1274,update know issue
1275,configured
1276,user confirmed ticket
1277,user asset release
1278,update closing ticket new
1279,based closing regards
1280,user not responding auto closing
1281,user not responding auto closing
1282,sap update know issue resolved
1283,user not responding auto closing
1284,issue resolved status changing user confirm kindly close
1285,user not responding auto closing
1286,user issue resolved closing ticket user
1287,update know issue
1288,user issue got resolved closing ticket user
1289,user not responding auto closing
1290,user not responding auto closing
1291,based closing regards
1292,day service connect ticket
1293,actual issue statement invalid ticket steps performed resolution taken
1294,user closing ticket
1295,user vignesh problem reported
1296,user laptop closed user
1297,user problem reported
1298,user not responding auto closing
1300,update closing ticket free contact sap issue
1301,user not responding auto closing
1302,application issues service ticket not mapped
1303,user not responding auto closing
1304,user not responding auto closing
1305,user not responding auto closing
1306,came come fix closing user
1307,user following asset location raise release request
1308,user vignesh problem reported laptop
1310,ticket try reach
1311,invalid ticket ticket assigned multiple times
1312,issue resolved closing
1313,issue resolved confirmed user close end
1314,issue resolved user closing
1315,issue resolved closing
1316,issue resolved closing
1317,day service connect ticket
1318,user update issue resolved closing user
1319,update closing issue raise new
1320,waiting replacement replacement share location details
1321,laptop configured closing
1322,user not responding auto closing
1323,user not responding auto closing
1324,right providing desktop eol assets raise request new asset
1325,user not responding auto closing
1326,phone issue resolved issue
1327,update issue resolved issue resolved
1328,user not responding auto closing
1329,user not responding auto closing
1330,user not responding auto closing
1331,issue fixed request regards
1332,user not responding auto closing
1333,user problem reported
1334,updated antivirus
1335,raise request correct location details
1336,issue resolved closing ticket user
1337,issue resolved closing ticket user
1338,user problem reported printer
1339,issue resolved
1340,user send mail closing user
1341,wifi working fine closing ticket
1342,issue resolved closing ticket user
1343,user update issue resolved closing user
1344,system closing
1345,replaced hdd install windows laptop fine checked user closed
1346,user closing
1347,rohit problem reported not working
1348,user not responding auto closing
1349,user not responding auto closing
1350,user not responding auto closing
1351,actual issue statement not work steps performed resolution drivers installed
1352,actual issue statement lan not working steps performed resolution port enabled
1353,user not responding auto closing
1354,user not responding auto closing
1355,user not responding auto closing
1356,issue resolved
1357,spare not available model closing ticket
1358,user not responding auto closing
1359,update closing ticket free contact sap issue reg
1360,free contact sap related issues closing
1361,user not responding auto closing
1362,mail update system reimaged closing calls
1363,mail update system reimaged closing calls
1364,mail update system reimaged closing calls
1365,closing
1366,access enabled min
1367,user vendor spare raise
1368,user not responding auto closing
1369,able update customer details closed project
1370,issue resolved
1371,check regards
1372,issue resolved
1373,removed paper jam installed toner working fine user
1374,issue resolved
1375,configured outlook found working fine closing
1376,user not responding auto closing
1377,user update issue resolved closing
1378,user update
1379,user problem reported
1380,user not responding auto closing
1381,user problem reported direct
1382,know issue
1383,user update closing ticket
1384,checked user vpn user able access closing
1385,day service connect ticket
1386,user not responding auto closing
1387,user problem reported
1388,user not responding auto closing
1394,issue closing user
1395,kumar laptop center problem reported
1396,user not responding auto closing
1397,user not responding auto closing
1398,user problem reported proxy
1399,issue resolved user installed closing
1400,spare replaced found working fine closing
1401,asset released stores
1402,months stopped sending model available
1403,not related issues queries kindly
1404,user not responding auto closing
1405,vlan assigned port working fine close
1406,
1407,user not responding auto closing
1408,printer configured place user
1409,problem reported issue resolved
1410,url requests not processed calls closing
1411,user not responding auto closing
1412,user not responding auto closing
1413,issue resolved
1414,user not responding auto closing
1415,update know
1416,user not responding auto closing
1417,user not responding auto closing
1418,user not responding auto closing
1419,issue resolved
1420,note demand timesheet unable inactive resources
1421,tried reach time response issue
1422,transfered
1423,asset released stores
1424,user able connect isd numbers users
1425,code request
1426,user not responding auto closing
1427,understand issue resolved closing
1428,allocation
1429,supervisor changes raise requesrt employee movement
1430,issue resolved
1431,user not responding auto closing
1432,day service connect ticket
1433,checked system configured printer working fine closing
1434,problem reported print issue resolved problem
1435,issue resolved closing ticket user
1436,confirmed user laptop closing ticket user con
1437,checked system internet setting changed working fine
1438,desktop released moved stores
1439,desktop released moved stores closing ticket
1440,details deleted requested user
1441,user not responding auto closing
1442,user not responding auto closing
1443,user problem reported
1444,asset not found mentioned raise fresh request correct location
1445,issue resolved user update closing
1446,user not responding auto closing
1447,update closing ticket new
1448,issue resolved closing ticket user
1449,user request contacted user user not responding closing
1450,user not responding auto closing
1451,problem reported direct access
1452,update closing issue raise new
1453,desktop released stores
1454,form problem reported
1455,user not responding auto closing
1456,issue closing ticket check
1457,problem reported resolved
1458,issue resolved laptop cleaning providing heat
1459,problem reported installing additional ram
1460,system configured
1461,issue closing
1462,replaced cpu fan systems working fine closing
1463,user not responding auto closing
1464,enabled updated regards
1465,user not responding auto closing
1466,problem reported issue resolved
1467,user not responding auto closing
1468,user not responding auto closing
1469,asset
1470,issue replaced closing
1471,issue resolved closing ticket user
1472,issue closing
1473,user not responding auto closing
1474,free contact sap related issues regards
1475,user not responding auto closing
1476,user not responding auto closing
1477,user not responding auto closing
1478,share asset raise fresh request
1479,working issue update
1480,response days closing raise new
1481,confirmed user closing
1482,laptop returned closing
1483,issue resolved
1484,mohammed laptop center problem reported
1485,closing concerns request
1486,update know issue
1487,changes check free contact sap related
1488,user not responding auto closing
1489,changes check regards
1490,user not responding auto closing
1491,free contact sap related issues closing
1492,ticket
1493,spare replaced
1494,user not responding auto closing
1495,user not responding auto closing
1496,user not responding auto closing
1497,understand issue resolved closing
1498,day service connect ticket
1499,day service connect ticket
1500,know issue
1501,update know issue
1502,user printer installed system closed
1503,user not responding auto closing
1504,issue resolved user closing
1505,issue resolved status changing user confirm kindly close
1506,based user update skype working fine status changing user confirm
1507,problem reported outlook issue resolved problem
1508,issue closing
1509,access enabled check minutes
1510,laptop configured close
1511,issue
1512,amit closing
1513,user update closing
1514,issue resolved
1515,ticket closed
1516,user ticket close ticket
1517,vendor update laptop not
1518,user not responding auto closing
1519,closing issue raise
1520,issue resolved status changing user confirm kindly close
1521,spare replaced working fine closed
1522,issue resolved closing
1523,day service connect ticket
1524,user not responding auto closing
1525,user not responding auto closing
1526,know issue
1527,issue resolved status changing user confirm kindly close
1528,user not responding auto closing
1529,user install closing user
1530,issue resolved status changing user confirm kindly close
1531,user end days closing
1532,not concern kindly raise ticket correct dont details
1533,user not responding auto closing
1534,issue closing
1535,issue closing
1536,user not responding auto closing
1537,user not responding auto closing
1538,user not responding auto closing
1539,day service connect ticket
1540,user problem reported
1541,user problem reported
1542,user vignesh problem reported
1543,problem reported lync
1544,user not responding auto closing
1545,user not responding auto closing
1546,user not responding auto closing
1547,user not responding auto closing
1548,user not responding auto closing
1549,user asset employee
1550,update know issue
1551,closing ticket user
1552,resolved
1553,mohammed laptop center problem reported
1554,mohammed laptop center problem reported
1555,lync working fine user closing ticket users
1556,issue closing
1557,issue resolved opening port closing
1558,scanned machine removed unwanted add
1559,
1560,follow path share request number
1561,check release
1562,follow path share request number
1563,problem reported issue resolved problem
1564,problem reported issue resolved problem
1565,user not responding auto closing
1566,problem reported issue resolved pro
1567,user not responding auto closing
1568,user not responding auto closing
1569,user not responding auto closing
1570,user not responding auto closing
1571,user not responding auto closing
1572,problem reported issue resolved problem
1573,user not responding auto closing
1574,user not responding auto closing
1575,user problem reported
1576,user problem reported
1577,user problem reported
1578,user problem reported
1579,user not responding auto closing
1580,problem reported issue resolved problem
1581,problem reported issue resolved problem
1582,user not responding auto closing
1583,user not responding auto closing
1584,user update issue resolved closing user
1585,problem reported issue resolved problem
1586,user not responding auto closing
1587,issue resolved
1588,user not responding auto closing
1589,user update issue resolved closing user
1590,user not responding auto closing
1591,access enabled till february updated
1592,enabled ticket updated
1593,issue process
1594,profile
1595,mohammed laptop center problem reported
1596,user not responding auto closing
1597,user update closing
1598,mohammed laptop center problem reported
1599,user issue resolved closing
1600,problem reported issue resolved
1601,problem reported issue resolved
1602,issue resolved
1603,issue resolved
1604,issue resolved replacing battery
1605,problem reported sap
1606,problem resolved
1607,desktop released
1608,update know issue
1609,checked requested regards
1610,checked requested free contact sap related issues regards
1611,user problem reported format
1612,kumar laptop center problem reported
1613,user not responding auto closing
1614,issue resolved closing
1615,closing
1616,find
1617,reg
1618,raise ticket asset number proper location details
1619,user not responding auto closing
1620,user not responding auto closing
1621,raise new ticket visit laptop asap long pending
1622,issue resolved closing
1623,
1624,user problem reported pleas
1625,user not responding auto closing
1626,desktop asset number confirmed
1627,laptop crossed end life outlook vendor replace plastic parts
1628,updated project
1629,user not responding auto closing
1630,user not responding auto closing
1631,user not responding auto closing
1632,user install vpn software closing wait
1633,mentioned client laptop not
1634,user not responding auto closing
1635,user not responding auto closing
1636,user not responding auto closing
1637,user not responding auto closing
1638,closing problem
1639,user not responding auto closing
1640,check project closed regards
1641,user not responding auto closing
1642,user not responding auto closing
1643,user not responding auto closing
1644,user not responding auto closing
1645,user not responding auto closing
1646,user problem reported port enable
1647,issue resolve creating user profile closing
1648,adapter replaced working fine closing
1649,user not responding auto closing
1650,user not responding auto closing
1651,issue resolved closing
1652,application issues service ticket
1653,replaced battery laptop working fine checked user closed
1654,confirmed
1655,update know issue
1656,update know issue
1657,user problem reported
1658,issue hdd resolved clearing bad
1659,response days closing raise new
1660,user not responding auto closing
1661,closing server reachable
1662,spare replaced working fine closed
1663,asset released
1664,change
1665,user update issue resolved closing user
1666,user update issue resolved closing user
1667,user checked user issue resolved working fine
1668,user update issue resolved closing user
1669,asset released
1670,user not responding auto closing
1671,response days closing raise new
1672,day service connect ticket
1673,user update closing
1674,issue resolved closing ticket end check
1675,user not responding auto closing
1676,free contact sap related issues closing
1677,user spare recieved request raise new request visit laptop center
1678,desktop released closing
1679,send approval mail
1680,user not responding auto closing
1681,issue resolved closing ticket user
1682,laptop warranty kindly request new laptop
1683,user symantec installed working found fine
1684,understand issue resolved closing
1685,desktop released moved stores closing ticket
1686,user issue resolved closing ticket user
1687,user update issue resolved closing user
1688,asset not location closing asset location
1689,day service connect ticket
1690,user not responding auto closing
1691,user not responding auto closing
1692,user not responding auto closing
1693,standby provided configured user profile closing ticket
1694,spare replaced closing
1695,user not responding auto closing
1696,user not responding auto closing
1697,issue resolved
1698,user not responding auto closing
1699,resolution provided closing ticket
1700,user not responding auto closing
1701,issue resolved closing ticket user
1702,issue resolved closing user update
1703,issue resolved user update closing
1704,issue resolved
1705,request cancelled correct asset raise fresh request
1706,issue resolved closing ticket end check regards
1707,previous ticket process closing ticket
1708,model outlook end service category got approve raise
1709,free contact sap related issues closing
1710,proper response user closing
1711,user not responding auto closing
1712,printer configured closing
1713,user not responding auto closing
1714,user not responding auto closing
1715,user not responding auto closing
1716,user not responding auto closing
1717,user not responding auto closing
1718,user not responding auto closing
1719,user not responding auto closing
1720,issue closing
1721,tracking issue ticket closing ticket
1722,issue closing
1723,user not responding auto closing
1724,issue closing
1725,issue closing
1726,issue closing
1727,user not responding auto closing
1728,user not responding auto closing
1729,user not responding auto closing
1730,user not responding auto closing
1731,user drop mail closing ticket
1732,update know issue
1733,user not responding auto closing
1734,user not responding auto closing
1735,user not responding auto closing
1736,checked network not closing
1737,user not responding auto closing
1738,problem reported office document issue resolved
1739,user not responding auto closing
1740,update know issue
1741,user not responding auto closing
1742,try change details regards
1743,user update issue resolved closing user
1744,issue resolved
1745,blocking client network check
1746,update know issue
1747,issue resolved closing
1748,reinstalled laptop working slow ram hdd
1749,user closing
1750,remote control configured outlook
1751,issue
1752,user not responding command auto close
1753,user raise ticket desktop cant closing
1754,user not responding auto closing
1755,ticket issue close
1756,issue got resolved user closing
1757,issue resolved closing
1759,confirmed user resolution issue closing ticket
1760,rahul problem reported access
1761,currently spare not model new lap closing
1762,spare not available closing
1763,issue resolved
1764,spare not avaliable model raise new request
1765,issue resolved
1766,request changes end able login
1767,user not responding auto closing
1768,sap update know issue resolved
1769,sap update know issue resolved
1770,sap update know issue resolved
1771,user not responding auto closing
1772,user update closing ticket
1773,issu resolved
1774,configured number
1775,user problem reported
1776,user kindly contact maintenance additional power source
1779,access provided
1780,access provided
1781,server error resolved check
1782,user not responding auto closing
1783,user problem reported
1784,user archana problem reported printe
1785,user not responding auto closing
1786,user not responding auto closing
1787,desktop release store
1788,application issues service ticket not mapped
1789,user not responding auto closing
1790,understand issue resolved closing
1791,user checked user issue resolved working fine
1792,user not responding auto closing
1793,day service connect ticket
1794,day service connect ticket
1795,user not responding auto closing
1796,changes check regards
1797,user not responding auto closing
1798,form problem reported battery
1799,form problem reported case
1800,form problem reported battery
1801,issue resolved closing ticket user
1802,non laptop given
1803,laptop spare visit center replacement
1804,user drop mail sam office visio taken control use
1805,user laptop spare visit center replacement
1806,user not responding auto closing
1807,user update issue resolved closing
1808,issue resolved closing ticket user
1809,provide needed contact asset issue
1810,user problem reported
1811,issue resolved closing ticket user
1812,day service connect ticket
1813,user not responding auto closing
1814,closing user
1815,issue resolved closing ticket end check
1816,approved current status pending allocation
1817,issue closing
1818,desktop released
1819,closing raise new come office week
1820,user not responding auto closing
1821,end date check regards
1822,user not responding auto closing
1823,check employee regards
1824,issue resolved user closing
1825,mail approved backend reg
1826,extension check free contact sap related
1827,user not responding auto closing
1828,issue resolved
1829,issue resolved
1830,problem reported printer
1831,issue resolved
1832,user not responding auto closing
1833,user not responding auto closing
1834,user not responding auto closing
1835,user not responding auto closing
1836,requested user closing
1837,user not responding auto closing
1838,user not responding auto closing
1839,user not responding auto closing
1840,user problem reported outlook
1841,day service connect ticket
1842,outlook gets resolved closing
1843,day service connect ticket
1844,checked issue end case
1845,issue
1846,user contact sam closing user
1847,user not responding auto closing
1848,use chrome direct link
1849,tried reach couple times need buy
1850,issue closing
1851,lync proxy internet closed
1852,issue config user profile
1853,update closing ticket free contact sap issue reg
1854,user not responding auto closing
1855,sending permission mentioned members
1856,user log requisition service desk
1857,checked user issue resolved case
1858,user not responding auto closing
1859,free contact sap related issues closing
1860,closing issue raise
1861,case issue requesting
1862,problem reported
1863,configured outlook run complete scan virus
1864,response days closing raise new
1865,allocated bandwidth
1866,issue resolved
1867,issue resolved
1868,issue resolved
1869,confirmed user resolution issue closing ticket
1870,day service connect ticket
1871,issue resolved closing ticket end regards
1872,user not responding auto closing
1873,user not responding auto closing
1874,day service connect ticket
1875,resource allocated project
1876,mail closing ticket regards
1877,user not responding auto closing
1878,user not responding auto closing
1879,approved follow
1880,issue closing
1881,user update working fine closing
1882,deleting temp files increasing drive working fine closing
1883,machine serial number reach eol aug
1884,user usb mouse closing user
1885,user problem reported
1886,desktop released
1887,day service connect ticket
1888,sap update know issue resolved
1889,sap update know issue resolved
1890,contact issue closing
1891,raise ticket tab
1892,form problem reported laptop
1893,form problem reported
1894,problem reported system not
1895,users update issue taken care closing user
1896,user not responding closing issue pleas raise new request
1897,user not responding auto closing
1898,understand issue resolved closing concerns
1899,user not responding auto closing
1900,understand issue resolved closing
1901,user not responding auto closing
1902,user not responding auto closing
1903,update issue
1904,update closing ticket free contact sap issue reg
1905,user not responding auto closing
1906,touch trace order details approved check
1907,user not responding auto closing
1908,user not responding auto closing
1909,user not responding auto closing
1910,user not responding auto closing
1911,issue resolved
1912,access provided
1913,working fine
1914,check regards
1915,user not responding auto closing
1916,enabled
1917,user problem reported
1918,problem reported local account
1919,ids added support
1920,form problem reported problem
1921,problem reported network
1922,issue laptop
1923,issue closing
1924,closing ticket user
1925,user not responding auto closing
1926,user working fine
1927,user request laptop kindly visit
1928,wrong incident
1929,day service connect ticket
1930,able project
1931,able project
1932,issue resolved
1933,response days closing raise new
1934,ravi day service connect ticket
1935,day service connect ticket
1936,issue resolved closing ticket
1937,user problem reported
1938,kindly requesting raise released desktop request new portal share
1939,issue resolved access
1940,issue resolved closing
1941,problem reported lync issue resolved problem
1942,outlook working fine closing user
1943,symmantec working fine closing user
1944,spare replaced working fine closing
1945,day service connect ticket
1946,user problem reported printe
1947,user not responding auto closing
1948,user not responding auto closing
1949,user not responding auto closing
1950,user not responding auto closing
1951,issue resolved user closing
1952,user not responding auto closing
1953,problem reported printer
1954,spare replaced working fine closed
1955,issue resolved
1956,config removed firewall server
1957,user not responding auto closing
1958,changes check regards
1959,understand issue resolved closing
1960,user not responding auto closing
1961,user not responding auto closing
1962,mohammed laptop center problem reported
1963,user not responding auto closing
1964,control installed sap user machine closing based user conf
1965,user not responding auto closing
1966,user not responding auto closing
1967,day service connect ticket
1968,user not responding auto closing
1969,sap checked resource assignment extended
1970,user not responding auto closing
1971,user not responding auto closing
1972,user doc problem reported
1973,user update issue resolved closing user
1974,days user not laptop center closing calls
1975,closing ticket user visit click
1976,issue resolved closing ticket user
1977,user not laptop center
1978,user problem reported
1979,issue resolved
1980,issue resolved
1981,user not responding auto closing
1982,user problem reported
1983,issue closing
1984,issue resolved
1985,user issue resolved
1986,issue closing
1987,user not responding auto closing
1988,issue resolved
1989,user asset not
1990,form problem reported
1991,user problem reported
1992,user problem reported
1993,mentioned mailbox migrated closing
1994,problem reported battery issue resolved
1995,user not responding auto closing
1996,user not responding auto closing
1997,issue resolved closing
1998,cross eol kindly raise new laptop
1999,user not responding auto closing
2000,user not responding auto closing
2001,user not responding auto closing
2002,old ticket open status closing
2003,user not responding auto closing
2004,user not responding auto closing
2005,user reach visit
2006,kumar laptop center problem reported
2007,user not responding auto closing
2008,sap update know issue resolved
2009,user problem reported
2010,user close closing
2011,mohammed laptop center problem reported
2012,user raise request
2013,user not responding auto closing
2014,user not responding auto closing
2015,update know issue
2016,request cancelled regards
2017,user update closing
2018,user vignesh problem reported
2019,user drop mail issue closing
2020,device reachable post completion activity
2021,checked not configured closing
2022,checked bgp working fine kindly find logs fyi got
2023,problem reported issue resolved problem
2024,user not responding auto closing
2025,checked device reachable
2026,device reachable closing
2027,device reachable weeks days hours minutes
2028,device alert closing
2029,device reachable auto alert
2030,provided outlook end service category
2031,service working fine closing
2032,mail able change web mail closed
2033,ordered battery closing
2034,spare received kindly
2035,ticket getting date getting auto closed issue
2036,issue resolved changing properties file closing user con
2037,critical switch
2038,checked device reachable logs found device outage
2039,checked able reach device closing
2040,user not responding auto closing
2041,provide correct location asset number
2042,checked port access port int interface
2043,checked port int interface
2044,int interface status
2045,device reachable week days minutes
2046,device reachable week days hour minutes
2047,checked working
2048,checked working
2049,checked device reachable port closing find logs
2050,closed spare got replaced
2051,user not responding auto closing
2052,server mails cannot
2053,device reachable
2054,drive file system normal closing ticket
2055,processes cpu cpu utilization seconds minute
2056,device reachable closing
2057,device reachable closing
2058,checked cpu normal file system normal closing
2059,checked cpu normal closing processes cpu
2060,day service connect ticket
2061,user not responding auto closing
2062,user not responding auto closing
2063,mohammed laptop center problem reported
2064,kumar laptop center problem reported
2065,checked device reachable
2066,device reachable closing
2067,checking issue closing
2068,confirmed ospf issue resolve not packet drops
2069,mentioned active status kindly verify
2070,remote control fixed outlook system closed
2071,checked device reachable port access
2072,user problem reported
2073,issue resolved closing ticket user
2074,issue resolved closing ticket
2076,configured printer confirmed user end
2077,user contact location laptop
2078,user getting error failed connecting data card user
2079,critical switch
2080,
2081,checked normal
2082,checked working
2083,checked working
2084,checked working
2085,having laptop old
2086,user update issue closing user
2087,user not responding auto closing
2088,send mail email address conference bridge password reset
2089,contact client support support closing
2090,user client support scope contact client support
2091,user issue got resolved closing ticket user
2092,user problem reported outlook
2093,drive cleaned issue resolved
2094,user problem reported
2095,amit day service connect ticket
2096,know issue
2097,user not responding auto closing
2098,closing ticket
2099,based closing regards
2100,user not responding auto closing
2101,user not responding auto closing
2102,spare requested not car not reopen
2103,fixed box cleaned tonner found working fine closing
2104,user not responding auto closing
2105,understand issue resolved closing
2106,update closing ticket free contact sap issue
2107,sap update know issue resolved
2108,phone note enabled login access
2109,data issue allocate employee mentioned
2110,user not responding auto closing
2112,device reachable closing ticket
2113,location reachable closing location power issueno
2114,location closing
2115,location closing
2116,location closing
2117,device reachable closing ticket
2118,location isolated time power location reachable
2119,checked device reachable closing pin
2120,checked device reachable
2121,checked device power issue device got rebooted closing cpu
2122,location previous ticket power issue
2123,checked device reachable
2124,device reachable closing ticket
2125,device reachable closing
2126,device reachable closing
2127,location duplicate ticket
2128,device reachable closing
2129,checked confirmed power issue location logged
2130,user not responding auto closing
2131,update know issue
2132,update closing ticket new
2133,user not responding auto closing
2134,user problem reported
2135,checked
2136,cpu utilization normal
2137,checked device cpu utilization normal
2138,utilization normal closing
2139,utilization normal closing cpu utilization seconds minute
2140,drive system normal closing password
2141,threshold crossed observed creating performance counter different
2142,threshold crossed observed creating performance counter different
2143,threshold crossed observed creating performance counter different
2144,user closing
2145,user problem reported
2146,user closing
2147,user closing
2148,user problem reported
2149,user problem reported
2150,user not responding auto closing
2151,user problem reported
2152,holding multiple assets cannot tag assets
2153,issue resolved closing
2154,issue resolved closing
2155,issue resolved
2156,issue resolved
2157,mail
2158,user not responding auto closing
2159,request portal
2160,user problem reported pro
2161,check found problem office reinstall issue resolved
2162,password reset new password check
2163,user gaurav problem reported data
2164,spare replaced work closing
2165,user not responding auto closing
2166,user upgrade laptop ram ram upgrade raise new
2167,user not responding auto closing
2168,user not responding auto closing
2169,user not responding auto closing
2170,user not responding auto closing
2171,user not responding auto closing
2172,issue resolved
2173,issue resolved clearing temp files
2174,installed confirmed
2175,user launching office cloud issue owner not having
2176,update closing issue raise new
2177,installed network ports tried working fine checked mail
2178,user issue resolved closing
2179,user rohit problem reported data
2180,actual issue statement soft installing steps performed resolution lync installed
2181,enabled check updated
2182,user issue resolved closing user
2183,request portal
2184,user not responding auto closing
2185,user problem reported laptop
2186,replaced usb board closing
2187,user problem reported outlook
2188,user problem reported
2189,understand issue resolved closing
2190,user not responding auto closing
2191,understand issue resolved closing
2192,phone observed project sharepoint dms project count
2193,understand issue resolved closing
2194,user gaurav goyal problem reported
2195,spare received kindly
2196,user problem reported
2197,user not responding auto closing
2198,user didnt end days closing
2199,working fine closing user
2200,user not responding auto closing
2201,user not responding auto closing
2202,user update issue resolved closing user
2203,issue resolved closing ticket user
2204,user problem reported lync
2205,new code created kumar regards
2206,user mail migrated new management system
2207,old ben removed user soft copy access enabled
2208,user not responding auto closing
2209,user not responding auto closing
2210,updated group outlook settings
2211,configured proxy settings enabled wifi network updated
2212,user return laptop closing
2213,user kumar problem reported
2214,user not responding auto closing
2215,user not responding auto closing
2216,user not responding auto closing
2217,spare got replaced closing
2218,mohammed laptop center problem reported
2219,user havent got end closing
2220,user not responding auto closing
2221,user not responding auto closing
2222,user not responding auto closing
2223,user not responding auto closing
2224,user not responding auto closing
2225,user not responding auto closing
2226,user not responding auto closing
2227,user not responding auto closing
2228,user not responding auto closing
2229,understand ticket created mistake issue
2230,control resolved issue
2231,free contact sap related issues closing
2232,user not responding auto closing
2233,days user not laptop center closing calls
2234,user not supported usb mouse pls raise replacing
2235,test ticket
2236,ticket
2237,updated check hours poc regards
2238,user not responding auto closing
2239,kindly check closing
2240,user problem reported outlook
2241,user problem reported
2242,user problem reported laptop
2243,transfered
2244,user issue resolved closing ticket user
2245,user not responding auto closing
2246,user problem reported laptop
2247,user not responding auto closing
2248,user not responding auto closing
2249,changes check regards
2250,laptop gone life cannot ordered closing
2251,contact data card data card issue raise
2252,closing
2253,vendor not available stores user
2254,touch
2255,user not responding auto closing
2256,user not responding auto closing
2257,user not responding auto closing
2258,duplicate ticket closing ticket
2259,concern requested
2260,spare received replaced closing
2261,vendor available stores provided approval raise
2262,vendor available stores provided approval raise
2263,ear user problem reported
2264,user not responding auto closing
2265,user problem reported laptop
2266,issue resolved closing
2267,doesnt support software kindly drop mail helpdesk
2268,replaced screen spare plastic parts requested user raise
2269,user not responding auto closing
2270,user not responding auto closing
2271,form problem reported blue screen error
2272,closing user
2273,regards parts not
2274,replace closing vender
2275,user request checked found issue proxy changed proxy settings found working
2276,user not responding auto closing
2277,remote cleared credential repaired outlook added server end
2278,user not responding auto closing
2279,server issue resolved check
2280,mail dropped case issue requesting
2281,utilization report shared mail kindly check
2282,checked given segment not shell project
2283,spare replaced laptop working fine closing
2284,user not responding auto closing
2285,user problem reported data
2286,issue resolved
2287,user not responding auto closing
2288,user not responding auto closing
2289,kumar working issue update
2290,user not responding auto closing
2291,kumar sap checked cancelled
2292,free contact sap related issues closing
2293,check project end date extended regards
2294,user not responding auto closing
2295,user not responding auto closing
2296,enabled ticket updated
2297,user not responding auto closing
2298,provide correct location
2299,user not responding auto closing
2300,user problem reported hard
2301,attached mail closing pending
2302,actual issue statement problem steps performed resolution battery replaced confirm
2303,actual issue statement lan not working steps performed resolution closing
2304,actual issue statement problem steps performed resolution reinstalled
2305,user not responding auto closing
2306,user not responding auto closing
2307,user lap keyboard not working lap warranty raise
2308,user keyboard not working cant raise spare lap
2310,user problem reported
2311,user not responding auto closing
2312,mail closing ticket
2313,user not responding auto closing
2314,closing ticket
2315,closing ticket
2316,user problem reported
2318,issue resolved closing user
2319,user not responding auto closing
2320,user not responding auto closing
2321,issue resolved
2322,user problem reported
2323,user problem reported laptop
2324,user not responding auto closing
2325,invalid reopen contact helpdesk
2326,response past days close
2327,user not responding auto closing
2328,enabled updated
2329,user not responding auto closing
2330,user not responding auto closing
2331,closed spare got replaced working fine
2332,user problem reported
2333,confirmed issue resolved closing
2334,replaced battery confirmed user end
2335,installed software closing
2336,key activate office closing
2337,issue resolved closing
2338,user not responding auto closing
2339,vendor update spare not available release laptop raise new
2340,forwarded ticket concern location contact shaik
2341,user problem reported vpn
2342,user not responding closing issue kindly raise new request
2343,user update closing
2344,user not responding auto closing
2345,user raise request eol spare asset
2346,user not responding closing kindly log
2347,system control
2348,issue resolved closing
2349,free contact sap related issues closing
2350,user issue got resolved closed
2351,touch location
2352,user problem reported
2353,user information given user raise new ram closing user
2354,actual issue statement network not working steps performed resolution updated
2355,user not responding auto closing
2356,kumar problem reported lync
2357,user not responding auto closing
2358,kumar problem reported outlook
2359,user problem reported
2360,user update issue closing user
2361,user not responding auto closing
2362,user not responding auto closing
2363,spare replaced closing
2364,application issues service
2365,form problem reported vpn issue
2366,problem reported new system
2367,log request queries drop mail
2368,issue resolved
2369,user problem reported outlook
2370,user not responding auto closing
2371,user remove proxy settings able closing use
2372,user not responding auto closing
2373,tickets ticket
2374,user not responding auto closing
2375,closing drop
2376,issue resolved closing
2377,user not responding auto closing
2378,user not responding auto closing
2379,user not responding auto closing
2380,mohammed laptop center problem reported
2381,mohammed laptop center problem reported
2382,user problem reported
2383,user problem reported
2384,spare received kindly
2386,office monday open
2387,provided dell charger confirmed user end
2388,issue access pen drive closed
2389,issue fixed closed
2390,issue resolved closing user
2391,working closing ticket
2392,user not responding auto closing
2393,user not responding auto closing
2394,canceled regards
2395,user not responding auto closing
2396,user raise request
2397,user update issue resolved closing
2398,issue resolved closing
2399,users access enabled
2400,user not visit closing kindly raise fresh ticket
2401,received waiting user replacing faulty spare
2402,issue resolved
2403,user not responding auto closing
2404,user not responding auto closing
2405,user not responding auto closing
2406,issue
2407,registered closing
2408,user mail migrated new management system
2409,user update issue resolved closing user
2410,problem reported drive space issue resolved
2411,problem reported drive space issue resolved
2412,user problem reported
2413,actual issue statement software steps performed resolution update symantec
2414,actual issue statement problem steps performed resolution reinstalled
2415,issue sis resolved
2416,user not responding auto closing
2417,kumar laptop center problem reported
2418,asset not found mentioned raise fresh request correct location
2419,user issue resolved kindly find attached mail confirm
2420,user not responding auto closing
2421,issue resolved closing
2422,user not responding auto closing
2423,user not responding auto closing
2424,user not responding auto closing
2425,user not responding auto closing
2426,mail kindly touch mail
2427,closing regards
2428,user not responding auto closing
2429,updated service pack office confirmed mails getting download
2430,user not responding auto closing
2431,user not responding auto closing
2432,user not responding auto closing
2433,user not responding auto closing
2434,user not responding auto closing
2435,user not responding auto closing
2436,free contact sap related issues closing
2437,user not responding auto closing
2438,user not responding auto closing
2439,user not responding auto closing
2440,issue resolved closing
2441,user request closing user
2442,kumar problem reported flash
2443,user not responding auto closing
2444,user not responding auto closing
2445,user problem reported
2446,user not responding auto closing
2447,mail closing ticket regards
2448,employee allocation regards
2449,user not responding auto closing
2450,user not responding auto closing
2451,enabled
2452,issue resolved
2453,check program closed regards
2454,user not responding auto closing
2455,user not responding auto closing
2456,request work location cmf moving servers location
2457,user problem reported
2458,user not responding closing ticket
2459,user problem reported
2460,hard disk working fine closing ticket user
2461,issue closing
2462,user not responding auto closing
2463,control configured printer user machine closing user con
2464,control enabled location proxy cleared cookies closing
2465,problem reported lockout issue resolved problem
2466,problem reported issue resolved problem
2467,server reachable case issue reach
2468,pinging bytes data reply
2469,user not responding auto closing
2470,resolved problem closing
2471,check client open mentioned port closing
2472,use browser version
2473,link not connected closing enable port
2474,utilization normal closing
2475,device reachable closing
2476,user not responding auto closing
2477,device reachable auto alert
2478,utilization normal closing
2479,cpu normal closing proc cpu cpu utilization
2480,
2481,processes cpu cpu utilization seconds minute
2482,processes cpu cpu utilization seconds minute
2483,cpu utilization normal
2484,checked device reachable
2485,checked device cpu utilization normal
2486,device reachable closing
2487,port working fine closing ticket
2488,device reachable closing
2489,cpu utilization normal closing proc cpu cpu
2490,checked cpu normal closing processes cpu
2491,device reachable link
2492,device reachable port
2493,checked port device
2494,checked port access vlan closing int
2495,checked port access int
2496,checked interface interfaces
2497,checked interface found access port
2498,checked location confirmed issue connected conference room
2499,user issue resolved closed
2500,checked device reachable port closing
2501,device reachable closing ticket
2502,link issue
2503,device reachable closing
2504,checked able reachable fyi
2505,device reachable
2506,packet drops device ping pinging
2507,device reachable week days hours minutes
2508,working
2509,device reachable close pinging
2510,location power issue problem resolved device reachable close
2511,device reachable closing ticket
2512,device reachable closing
2513,device reachable closing
2514,device reachable closing ticket
2515,currently location not available power issue location going close
2516,device reachable
2517,utilization normal closing
2518,device reachable
2519,device reachable closing
2520,device reachable closing pinging
2521,checked updated cpu utilization process normal closing acces
2522,reinstalled
2523,issue installed lync closing ticket user
2524,user not responding auto closing
2525,access enabled credentials shared
2526,installed closing ticket user
2527,user problem reported
2528,printer working
2529,user problem reported
2530,access working fine closing
2531,given members added kindly check hours
2532,day service connect ticket
2533,problem reported issue resolved problem
2534,user not responding auto closing
2535,request portal issue
2536,user not responding auto closing
2537,user asset employee path new
2538,day service connect ticket
2539,kindly login type user old password
2540,user raise request closing
2541,user problem reported
2542,user problem reported guest
2543,user not responding auto closing
2544,user not responding auto closing
2545,user not responding auto closing
2546,user not responding auto closing
2547,user not responding auto closing
2548,user not responding auto closing
2549,user not responding auto closing
2550,issue closing
2551,closing ticket
2552,employees mail added
2553,problem reported
2554,free contact sap related issues closing
2555,problem reported laptop adapter replacement
2556,user applying new car closing ticket
2557,problem reported laptop not powering resolved
2558,problem reported laptop
2559,user noc problem reported port
2560,user not responding auto closing
