Top 2 Grams,Count
not work,262
help user,195
No Pattern,163
port need,75
federation access,73
contact number,60
laptop configuration,50
need add,48
expire change,48
forget password,45
frequent account,41
ms office,38
need admin,38
direct access,30
password issue,29
utilization report,28
lync issue,23
not reachable,21
da issue,20
not able,19
raise behalf,19
wt critical,16
mac address,16
internet issue,14
kindly share,13
internet explorer,12
login issue,12
data card,11
kindly check,11
manual backup,11
laptop issue,11
os installation,11
pw issue,10
disk space,10
laptop not,10
ms project,10
need replace,9
schwab odc,9
ip address,9
wipro issue,9
connectivity issue,8
stop respond,8
account lock,8
hard disk,8
hdd issue,8
new laptop,7
not open,7
slowness issue,7
fedex label,7
ip segment,7
kindly backup,7
mail not,7
packet shaper,6
face issue,6
dhcp scope,6
display issue,6
ecube relate,6
fw test,6
hardware issue,6
hardware problem,6
laptop need,6
itms issue,6
laptop request,6
mother board,6
kindly provide,5
cpu utilization,5
dhcp server,5
enable pstn,5
firewall deny,5
account lockout,5
gateway issue,5
laptop asset,5
ie issue,5
l ticket,5
laptop battery,5
lync installation,5
macafee installation,5
mcafee issue,5
need raise,4
password reset,4
outlook issue,4
would creation,4
enable bitlocker,4
final settlement,4
unable connect,4
high latency,4
hdd problem,4
hdd recovery,4
source ip,4
mention device,4
l switch,4
raise behlaf,4
ip not,4
ip reservation,4
irmc checklist,4
issue access,4
kdc location,4
behalf user,4
binding schwab,4
mcafee installation,4
motherboard issue,4
need active,4
need configure,3
class pdc,3
datum backup,3
secondary link,3
need enable,3
device reachable,3
lync access,3
frequent lock,3
fw critical,3
rakesh relocation,3
have issue,3
healixadminwtimgnetworkerror logging,3
kindly look,3
route concern,3
cpu alert,3
internet not,3
internet problem,3
issue da,3
kindly user,3
kindly care,3
laptop charger,3
get lock,3
laptop keyboard,3
laptop login,3
laptop problem,3
live meeting,3
local account,3
mailbox issue,3
need ip,3
need free,3
need support,3
ne add,3
allow access,3
cmf sit,2
colour printer,2
mb mb,2
vtp switch,2
proxy issue,2
da show,2
core device,2
datum card,2
datum recovery,2
datacard issue,2
server not,2
device eccafeteria,2
l device,2
distribution list,2
would configuration,2
do not,2
check priority,2
snmp configuration,2
ecube issue,2
ecube task,2
email forward,2
es care,2
failover testing,2
label create,2
ip require,2
c drive,2
frequent accountlockout,2
incident work,2
pend user,2
policy query,2
group policy,2
internet access,2
primary secondary,2
hdc ps,2
help otp,2
can not,2
right resolver,2
kindly enable,2
transfer ticket,2
user want,2
need access,2
server detail,2
outlook problem,2
unable access,2
hiplease assist,2
change password,2
adaptor lose,2
huge latency,2
vietnam number,2
reset password,2
network issue,2
user face,2
lan issue,2
link issue,2
peel park,2
detail require,2
irc connection,2
not connect,2
wipro vdi,2
work slow,2
java issue,2
java update,2
not get,2
admin right,2
laptop allocation,2
laptop buyback,2
laptop config,2
laptop crash,2
laptop hdd,2
keypad issue,2
laptop lan,2
laptop os,2
laptop replacement,2
laptop return,2
local user,2
ip port,2
login problem,2
mapassword issue,2
issue detect,2
mcafee not,2
super sloooww,2
projecct issue,2
software share,2
mupassword issue,2
mywipro issue,2
assistance install,2
need bitlocker,2
ne allow,2
bandwidth allocation,1
classification change,1
install software,1
vpn issue,1
cm raise,1
cmd error,1
k travel,1
cmr impelematation,1
cneed configure,1
device installation,1
print attention,1
computer closing,1
join kdc,1
softvoip laptop,1
log sap,1
connect backup,1
contact nnumber,1
contact num,1
continous pop,1
corporate wifi,1
creat dhcp,1
create new,1
pst outlook,1
crm issue,1
not load,1
stop work,1
daoutlook issue,1
datum copy,1
datum transfer,1
dc support,1
add user,1
impacting event,1
connect vpn,1
teamuser login,1
federation acccess,1
cecause work,1
desk request,1
desk phone,1
detail share,1
device addition,1
device location,1
device get,1
would foxsbbectacl,1
t reachable,1
device health,1
devicetype ciscovxr,1
access require,1
dipassowrd issue,1
destination ip,1
disable mention,1
discussion tp,1
display problem,1
displya port,1
distribution group,1
dlo error,1
bypass request,1
docking station,1
group request,1
join want,1
domain rejoin,1
do attack,1
downgrade ie,1
need conduct,1
window activation,1
dsachid vpn,1
office activation,1
earlier raise,1
shaping issue,1
ec t,1
device not,1
ectacl fan,1
ectgacl network,1
ectgcswc ipaddress,1
ec eosl,1
ecaccess point,1
ecsdcl fastethernet,1
ectcl device,1
ip conflict,1
laptop network,1
ehealth ior,1
address change,1
email group,1
receive specific,1
emc bandwidth,1
traffic shifting,1
report month,1
would m,1
state manager,1
employee suite,1
enable access,1
bit locker,1
network port,1
start laptop,1
active sync,1
enhance end,1
netwrok stack,1
epsilon exchange,1
error unknown,1
escare tt,1
error message,1
not detect,1
error screen,1
external domain,1
f ec,1
test mg,1
faulty monitor,1
federated lync,1
file unresponsive,1
slow wrong,1
firewall ip,1
block access,1
flash drive,1
project request,1
foglight alarm,1
sjp network,1
harden server,1
form w,1
format laptop,1
freq acclockout,1
lock issue,1
connect client,1
frequent lockout,1
lockout issue,1
frequently ask,1
file server,1
approver change,1
purchase order,1
critical alarm,1
change location,1
appraisal error,1
indiadomestic request,1
access helpline,1
fw incident,1
fw local,1
onsite salary,1
fw pci,1
fw reghlc,1
fw relocation,1
fw spam,1
ticket number,1
link not,1
ad password,1
vpn link,1
gal modifcation,1
gate way,1
not accessible,1
gatewaywiprocom inaccessible,1
gcccdcfg gcccdcfg,1
link crm,1
location alert,1
repeatedly screen,1
internet site,1
gndc proxy,1
google chrome,1
account removal,1
internet user,1
guset wifi,1
guwahati location,1
ware issue,1
need replacement,1
hardphone issue,1
hdc schneiderelectricss,1
hdccimsec gigabitethernet,1
current configuration,1
hdd error,1
hdd replacement,1
helpline issue,1
care alert,1
ec noc,1
query concerned,1
need modify,1
require port,1
bgp backwardtransition,1
let know,1
mention ip,1
sjp location,1
check needful,1
workig laptop,1
utilization ckt,1
check issue,1
look issue,1
anti virus,1
hrs bother,1
not reimbursement,1
correct allocation,1
not concern,1
high utilization,1
hinge problem,1
home drive,1
host dubaidic,1
hostname change,1
disable da,1
ntc room,1
hwaghmpassword issue,1
inwilahydr inwilahydr,1
upgrade activity,1
belong mqlean,1
training not,1
need new,1
access ps,1
would expire,1
would lock,1
mismatch ectmsrcl,1
system issue,1
ie upgrade,1
install request,1
ie chrome,1
application error,1
outlook configuration,1
ask credencial,1
ie loop,1
ie setting,1
reach reach,1
vlan change,1
sh log,1
img issue,1
floor b,1
refe number,1
incorrect doj,1
inetrnet issue,1
file find,1
installation sap,1
standard software,1
intermittent alert,1
intermittent issue,1
internet block,1
speed low,1
shift primary,1
internet slow,1
ios upgradation,1
ios upgrade,1
location server,1
ip location,1
ip mac,1
access issue,1
ip pool,1
issue resolve,1
enter profile,1
issue tracker,1
issue ie,1
ir switch,1
asking password,1
issue mywipro,1
issue o,1
proxy setting,1
issue mcafee,1
issue voip,1
issue sendreceive,1
sound website,1
japassword issue,1
japan secondary,1
java installation,1
software installation,1
jci tunnel,1
virus issue,1
jopassword issue,1
john hancock,1
webe hyper,1
josegarciawiprocompw issue,1
jpnokndc jpnoknhv,1
kpassword issue,1
mail deliver,1
resolve issue,1
kdc outlook,1
kdc ec,1
detect communication,1
keyboard issue,1
callifdsbridge open,1
kindlt piority,1
mbam group,1
arrange noc,1
bandwidth class,1
kindly find,1
change vlan,1
mat laptop,1
access ec,1
open port,1
nd floor,1
release asset,1
mention not,1
kindly high,1
release confirm,1
office error,1
primary link,1
webcast trouble,1
kodak network,1
face slowness,1
bgp alert,1
kumrjpassword issue,1
kvadipassword issue,1
pm ist,1
l number,1
la pw,1
tp project,1
lap configuration,1
domaincreat user,1
adid access,1
lose case,1
signal issue,1
laptop configuartion,1
laptop configurtaion,1
laptop crashing,1
laptop damage,1
laptop detail,1
format detag,1
laptop formate,1
laptop hang,1
heat issue,1
laptop heating,1
need configuration,1
run slow,1
laptop lock,1
macafee issue,1
new profile,1
laptop overheating,1
performance issue,1
laptop image,1
laptop reimage,1
laptop sanitization,1
screen issue,1
laptop shipment,1
laptop shutdown,1
laptop slow,1
laptop slowness,1
time boot,1
latop detail,1
lcd problem,1
ldap issue,1
detail error,1
laptop fan,1
shanghai odc,1
sjp l,1
livemeeting issue,1
unable login,1
local profile,1
switch ip,1
location ec,1
lock voicemail,1
syslog server,1
bb mdc,1
ltsb network,1
lync outlook,1
lync connectivity,1
lync enable,1
lync federation,1
lync internet,1
lync meeting,1
meeting issue,1
lync problem,1
lync sharing,1
show lodin,1
external party,1
password isssue,1
mac change,1
mac os,1
macfee issue,1
port opening,1
location unrachable,1
teresa smith,1
mail issue,1
receive issue,1
mail server,1
mailbox configuration,1
mail bounce,1
issue singapore,1
malware antivirus,1
infection l,1
agent lose,1
manikonda sez,1
marahmpassword issue,1
replace ment,1
byod problem,1
mcafee install,1
adminstator password,1
need update,1
mcafee update,1
merck odc,1
microsoft project,1
mkumarpassword issue,1
mobile number,1
monitor failure,1
mother baord,1
mother borad,1
motherboard replace,1
mouse issue,1
mouse problem,1
account ou,1
link outage,1
office mbps,1
mpp activation,1
installation activation,1
msoffice activation,1
request remove,1
multiple alert,1
failure destination,1
location dhcp,1
wipro block,1
wipro error,1
wipro not,1
mysore ap,1
naoutlook issue,1
nagnaray unlock,1
nap disable,1
backup laptop,1
need adapter,1
clariication ipaddress,1
need console,1
need device,1
lync communicator,1
boot key,1
extended monitor,1
ip requirement,1
need otp,1
otp registration,1
need sap,1
network device,1
need activate,1
need advertise,1
need allow,1
bit lokcer,1
